Div,Date,Time,HomeTeam,AwayTeam,FTHG,FTAG,FTR,HTHG,HTAG,HTR,HS,AS,HST,AST,HF,AF,HC,AC,HY,AY,HR,AR
D1,2023-08-18,19:30,Werder Bremen,Bayern Munich,0,4,A,0.0,1.0,A,6.0,25.0,1.0,10.0,16.0,11.0,0.0,6.0,2.0,1.0,0.0,0.0
D1,2023-08-19,14:30,Augsburg,M'gladbach,4,4,D,3.0,3.0,D,20.0,9.0,8.0,6.0,9.0,14.0,8.0,7.0,1.0,2.0,0.0,0.0
D1,2023-08-19,14:30,Hoffenheim,Freiburg,1,2,A,0.0,2.0,A,24.0,17.0,5.0,8.0,9.0,9.0,4.0,2.0,0.0,1.0,0.0,0.0
D1,2023-08-19,14:30,Leverkusen,RB Leipzig,3,2,H,2.0,1.0,H,11.0,13.0,7.0,6.0,13.0,10.0,4.0,5.0,1.0,2.0,0.0,0.0
D1,2023-08-19,14:30,Stuttgart,Bochum,5,0,H,2.0,0.0,H,19.0,4.0,9.0,1.0,5.0,12.0,7.0,0.0,1.0,1.0,0.0,0.0
D1,2023-08-19,14:30,Wolfsburg,Heidenheim,2,0,H,2.0,0.0,H,18.0,13.0,8.0,1.0,10.0,9.0,1.0,7.0,3.0,0.0,0.0,0.0
D1,2023-08-19,17:30,Dortmund,FC Koln,1,0,H,0.0,0.0,D,12.0,11.0,2.0,4.0,13.0,11.0,6.0,3.0,1.0,0.0,0.0,0.0
D1,2023-08-20,14:30,Union Berlin,Mainz,4,1,H,2.0,0.0,H,12.0,9.0,7.0,3.0,15.0,16.0,3.0,1.0,1.0,5.0,0.0,0.0
D1,2023-08-20,16:30,Ein Frankfurt,Darmstadt,1,0,H,1.0,0.0,H,10.0,11.0,4.0,2.0,9.0,14.0,7.0,3.0,2.0,3.0,0.0,0.0
D1,2023-08-25,19:30,RB Leipzig,Stuttgart,5,1,H,0.0,1.0,A,20.0,8.0,11.0,3.0,12.0,10.0,4.0,4.0,1.0,1.0,0.0,0.0
D1,2023-08-26,14:30,Heidenheim,Hoffenheim,2,3,A,1.0,0.0,H,19.0,16.0,9.0,6.0,13.0,9.0,10.0,6.0,1.0,5.0,0.0,0.0
D1,2023-08-26,14:30,Freiburg,Werder Bremen,1,0,H,0.0,0.0,D,23.0,16.0,6.0,2.0,9.0,8.0,5.0,5.0,2.0,2.0,0.0,0.0
D1,2023-08-26,14:30,FC Koln,Wolfsburg,1,2,A,0.0,0.0,D,14.0,9.0,2.0,6.0,6.0,10.0,6.0,1.0,1.0,5.0,0.0,0.0
D1,2023-08-26,14:30,Darmstadt,Union Berlin,1,4,A,1.0,3.0,A,18.0,12.0,6.0,6.0,15.0,12.0,3.0,5.0,2.0,2.0,0.0,1.0
D1,2023-08-26,14:30,Bochum,Dortmund,1,1,D,1.0,0.0,H,17.0,13.0,6.0,3.0,21.0,7.0,5.0,4.0,2.0,1.0,0.0,0.0
D1,2023-08-26,17:30,M'gladbach,Leverkusen,0,3,A,0.0,2.0,A,13.0,24.0,2.0,10.0,7.0,8.0,5.0,8.0,2.0,3.0,0.0,0.0
D1,2023-08-27,16:30,Bayern Munich,Augsburg,3,1,H,2.0,0.0,H,19.0,11.0,6.0,2.0,13.0,8.0,10.0,4.0,1.0,2.0,0.0,0.0
D1,2023-08-27,14:30,Mainz,Ein Frankfurt,1,1,D,1.0,0.0,H,13.0,8.0,7.0,2.0,23.0,12.0,5.0,4.0,3.0,4.0,0.0,1.0
D1,2023-09-01,19:30,Dortmund,Heidenheim,2,2,D,2.0,0.0,H,20.0,15.0,9.0,6.0,9.0,22.0,3.0,6.0,3.0,3.0,0.0,0.0
D1,2023-09-02,14:30,Hoffenheim,Wolfsburg,3,1,H,1.0,1.0,D,11.0,14.0,5.0,7.0,12.0,15.0,3.0,3.0,2.0,2.0,0.0,0.0
D1,2023-09-02,14:30,Leverkusen,Darmstadt,5,1,H,1.0,1.0,D,24.0,5.0,13.0,1.0,8.0,11.0,4.0,2.0,3.0,2.0,0.0,0.0
D1,2023-09-02,14:30,Stuttgart,Freiburg,5,0,H,3.0,0.0,H,13.0,11.0,6.0,5.0,9.0,10.0,2.0,4.0,1.0,1.0,0.0,0.0
D1,2023-09-02,14:30,Werder Bremen,Mainz,4,0,H,1.0,0.0,H,12.0,12.0,6.0,3.0,18.0,14.0,1.0,7.0,2.0,2.0,0.0,0.0
D1,2023-09-02,17:30,M'gladbach,Bayern Munich,1,2,A,1.0,0.0,H,8.0,25.0,3.0,9.0,5.0,20.0,1.0,15.0,0.0,2.0,0.0,0.0
D1,2023-09-02,14:30,Augsburg,Bochum,2,2,D,1.0,1.0,D,11.0,22.0,3.0,9.0,15.0,13.0,3.0,5.0,2.0,2.0,0.0,0.0
D1,2023-09-03,14:30,Ein Frankfurt,FC Koln,1,1,D,0.0,1.0,A,12.0,6.0,4.0,2.0,10.0,10.0,8.0,1.0,1.0,3.0,0.0,0.0
D1,2023-09-03,16:30,Union Berlin,RB Leipzig,0,3,A,0.0,0.0,D,4.0,15.0,1.0,8.0,16.0,9.0,3.0,7.0,3.0,1.0,1.0,0.0
D1,2023-09-15,19:30,Bayern Munich,Leverkusen,2,2,D,1.0,1.0,D,15.0,12.0,9.0,5.0,6.0,6.0,7.0,4.0,0.0,3.0,0.0,0.0
D1,2023-09-16,17:30,Bochum,Ein Frankfurt,1,1,D,0.0,0.0,D,24.0,8.0,10.0,6.0,13.0,14.0,8.0,2.0,3.0,2.0,0.0,0.0
D1,2023-09-16,14:30,Wolfsburg,Union Berlin,2,1,H,2.0,1.0,H,8.0,17.0,3.0,5.0,6.0,8.0,3.0,7.0,1.0,0.0,0.0,0.0
D1,2023-09-16,14:30,FC Koln,Hoffenheim,1,3,A,0.0,2.0,A,17.0,17.0,7.0,5.0,15.0,14.0,13.0,4.0,4.0,4.0,1.0,0.0
D1,2023-09-16,14:30,Mainz,Stuttgart,1,3,A,0.0,0.0,D,15.0,16.0,3.0,6.0,12.0,9.0,6.0,4.0,1.0,2.0,0.0,0.0
D1,2023-09-16,14:30,Freiburg,Dortmund,2,4,A,2.0,1.0,H,14.0,14.0,4.0,6.0,12.0,16.0,6.0,8.0,2.0,3.0,1.0,0.0
D1,2023-09-16,14:30,RB Leipzig,Augsburg,3,0,H,3.0,0.0,H,9.0,16.0,6.0,4.0,16.0,12.0,1.0,6.0,0.0,0.0,0.0,0.0
D1,2023-09-17,14:30,Heidenheim,Werder Bremen,4,2,H,2.0,0.0,H,19.0,11.0,4.0,4.0,21.0,9.0,10.0,1.0,1.0,1.0,0.0,0.0
D1,2023-09-17,16:30,Darmstadt,M'gladbach,3,3,D,3.0,0.0,H,15.0,21.0,8.0,10.0,12.0,8.0,6.0,6.0,1.0,1.0,1.0,0.0
D1,2023-09-22,19:30,Stuttgart,Darmstadt,3,1,H,2.0,1.0,H,18.0,3.0,11.0,0.0,7.0,12.0,5.0,4.0,1.0,6.0,0.0,0.0
D1,2023-09-23,14:30,Union Berlin,Hoffenheim,0,2,A,0.0,2.0,A,22.0,11.0,6.0,4.0,11.0,13.0,11.0,6.0,1.0,3.0,0.0,0.0
D1,2023-09-23,17:30,Werder Bremen,FC Koln,2,1,H,1.0,1.0,D,17.0,13.0,6.0,5.0,18.0,16.0,9.0,8.0,2.0,1.0,0.0,0.0
D1,2023-09-23,14:30,Dortmund,Wolfsburg,1,0,H,0.0,0.0,D,18.0,8.0,4.0,2.0,9.0,14.0,5.0,3.0,0.0,1.0,0.0,0.0
D1,2023-09-23,14:30,Bayern Munich,Bochum,7,0,H,4.0,0.0,H,26.0,4.0,16.0,1.0,8.0,10.0,8.0,1.0,0.0,1.0,0.0,0.0
D1,2023-09-23,14:30,Augsburg,Mainz,2,1,H,2.0,1.0,H,6.0,13.0,3.0,3.0,16.0,14.0,3.0,4.0,2.0,3.0,1.0,0.0
D1,2023-09-23,14:30,M'gladbach,RB Leipzig,0,1,A,0.0,0.0,D,13.0,8.0,1.0,4.0,14.0,7.0,11.0,6.0,1.0,1.0,0.0,0.0
D1,2023-09-24,14:30,Leverkusen,Heidenheim,4,1,H,1.0,0.0,H,20.0,1.0,10.0,1.0,9.0,10.0,7.0,2.0,1.0,1.0,0.0,0.0
D1,2023-09-24,16:30,Ein Frankfurt,Freiburg,0,0,D,0.0,0.0,D,13.0,9.0,5.0,2.0,12.0,5.0,7.0,3.0,4.0,2.0,0.0,0.0
D1,2023-09-29,19:30,Hoffenheim,Dortmund,1,3,A,1.0,2.0,A,15.0,6.0,5.0,5.0,14.0,16.0,4.0,3.0,3.0,4.0,0.0,1.0
D1,2023-09-30,14:30,Bochum,M'gladbach,1,3,A,0.0,3.0,A,23.0,25.0,5.0,9.0,12.0,12.0,5.0,10.0,2.0,3.0,0.0,0.0
D1,2023-09-30,14:30,FC Koln,Stuttgart,0,2,A,0.0,0.0,D,14.0,18.0,5.0,4.0,16.0,8.0,8.0,4.0,2.0,1.0,0.0,0.0
D1,2023-09-30,14:30,Heidenheim,Union Berlin,1,0,H,0.0,0.0,D,9.0,19.0,4.0,8.0,11.0,14.0,5.0,7.0,1.0,2.0,0.0,0.0
D1,2023-09-30,14:30,Mainz,Leverkusen,0,3,A,0.0,1.0,A,10.0,6.0,3.0,3.0,13.0,11.0,3.0,1.0,4.0,1.0,0.0,0.0
D1,2023-09-30,14:30,Wolfsburg,Ein Frankfurt,2,0,H,1.0,0.0,H,19.0,7.0,7.0,3.0,11.0,18.0,7.0,4.0,1.0,6.0,0.0,1.0
D1,2023-09-30,17:30,RB Leipzig,Bayern Munich,2,2,D,2.0,0.0,H,7.0,11.0,2.0,5.0,10.0,11.0,5.0,1.0,2.0,5.0,0.0,0.0
D1,2023-10-01,16:30,Freiburg,Augsburg,2,0,H,1.0,0.0,H,7.0,13.0,3.0,4.0,13.0,17.0,2.0,3.0,2.0,2.0,0.0,0.0
D1,2023-10-01,14:30,Darmstadt,Werder Bremen,4,2,H,2.0,0.0,H,14.0,10.0,5.0,7.0,19.0,19.0,2.0,4.0,3.0,2.0,0.0,0.0
D1,2023-10-06,19:30,M'gladbach,Mainz,2,2,D,1.0,1.0,D,20.0,13.0,9.0,7.0,9.0,9.0,10.0,3.0,3.0,1.0,0.0,0.0
D1,2023-10-07,14:30,Augsburg,Darmstadt,1,2,A,0.0,0.0,D,17.0,17.0,3.0,5.0,13.0,12.0,4.0,4.0,4.0,2.0,0.0,0.0
D1,2023-10-07,14:30,Dortmund,Union Berlin,4,2,H,1.0,2.0,A,12.0,12.0,7.0,6.0,7.0,15.0,4.0,6.0,1.0,1.0,0.0,0.0
D1,2023-10-07,14:30,RB Leipzig,Bochum,0,0,D,0.0,0.0,D,18.0,9.0,5.0,2.0,10.0,13.0,9.0,1.0,2.0,4.0,0.0,0.0
D1,2023-10-07,14:30,Stuttgart,Wolfsburg,3,1,H,0.0,1.0,A,13.0,12.0,7.0,5.0,13.0,14.0,5.0,6.0,1.0,3.0,0.0,0.0
D1,2023-10-07,17:30,Werder Bremen,Hoffenheim,2,3,A,1.0,2.0,A,13.0,11.0,3.0,4.0,15.0,6.0,4.0,4.0,5.0,4.0,0.0,0.0
D1,2023-10-08,14:30,Leverkusen,FC Koln,3,0,H,2.0,0.0,H,21.0,7.0,10.0,3.0,9.0,7.0,11.0,4.0,3.0,0.0,0.0,0.0
D1,2023-10-08,16:30,Bayern Munich,Freiburg,3,0,H,2.0,0.0,H,21.0,2.0,5.0,0.0,7.0,8.0,7.0,1.0,1.0,0.0,0.0,0.0
D1,2023-10-08,18:30,Ein Frankfurt,Heidenheim,2,0,H,1.0,0.0,H,12.0,7.0,6.0,2.0,14.0,10.0,3.0,6.0,2.0,3.0,0.0,0.0
D1,2023-10-20,19:30,Dortmund,Werder Bremen,1,0,H,0.0,0.0,D,22.0,6.0,5.0,1.0,5.0,10.0,10.0,4.0,1.0,5.0,0.0,0.0
D1,2023-10-21,14:30,Wolfsburg,Leverkusen,1,2,A,1.0,1.0,D,18.0,13.0,7.0,6.0,15.0,14.0,4.0,3.0,3.0,5.0,0.0,0.0
D1,2023-10-21,17:30,Mainz,Bayern Munich,1,3,A,1.0,2.0,A,14.0,12.0,3.0,5.0,12.0,10.0,2.0,7.0,3.0,2.0,0.0,0.0
D1,2023-10-21,14:30,Hoffenheim,Ein Frankfurt,1,3,A,1.0,3.0,A,14.0,13.0,5.0,5.0,7.0,7.0,6.0,3.0,3.0,0.0,0.0,0.0
D1,2023-10-21,14:30,Freiburg,Bochum,2,1,H,2.0,1.0,H,15.0,13.0,5.0,5.0,11.0,16.0,5.0,2.0,3.0,4.0,0.0,0.0
D1,2023-10-21,14:30,Union Berlin,Stuttgart,0,3,A,0.0,1.0,A,10.0,10.0,2.0,5.0,12.0,12.0,4.0,2.0,2.0,1.0,0.0,0.0
D1,2023-10-21,14:30,Darmstadt,RB Leipzig,1,3,A,1.0,2.0,A,16.0,10.0,3.0,7.0,16.0,12.0,6.0,0.0,6.0,3.0,0.0,0.0
D1,2023-10-22,14:30,FC Koln,M'gladbach,3,1,H,1.0,0.0,H,21.0,5.0,8.0,2.0,13.0,10.0,8.0,3.0,0.0,2.0,0.0,1.0
D1,2023-10-22,16:30,Heidenheim,Augsburg,2,5,A,2.0,3.0,A,16.0,9.0,5.0,6.0,11.0,11.0,6.0,5.0,3.0,2.0,0.0,0.0
D1,2023-10-27,19:30,Bochum,Mainz,2,2,D,1.0,0.0,H,10.0,10.0,4.0,4.0,14.0,21.0,5.0,4.0,3.0,3.0,0.0,0.0
D1,2023-10-28,17:30,RB Leipzig,FC Koln,6,0,H,4.0,0.0,H,24.0,6.0,13.0,1.0,8.0,13.0,11.0,1.0,2.0,4.0,0.0,1.0
D1,2023-10-28,14:30,Werder Bremen,Union Berlin,2,0,H,1.0,0.0,H,9.0,7.0,3.0,2.0,12.0,14.0,3.0,3.0,1.0,4.0,0.0,1.0
D1,2023-10-28,14:30,M'gladbach,Heidenheim,2,1,H,1.0,1.0,D,11.0,8.0,6.0,3.0,5.0,18.0,6.0,4.0,0.0,3.0,0.0,0.0
D1,2023-10-28,14:30,Bayern Munich,Darmstadt,8,0,H,0.0,0.0,D,28.0,10.0,16.0,4.0,15.0,13.0,7.0,1.0,1.0,2.0,1.0,2.0
D1,2023-10-28,14:30,Augsburg,Wolfsburg,3,2,H,1.0,2.0,A,9.0,13.0,5.0,6.0,19.0,14.0,5.0,5.0,6.0,4.0,1.0,0.0
D1,2023-10-28,14:30,Stuttgart,Hoffenheim,2,3,A,0.0,2.0,A,23.0,7.0,10.0,5.0,13.0,11.0,6.0,0.0,2.0,1.0,0.0,0.0
D1,2023-10-29,14:30,Ein Frankfurt,Dortmund,3,3,D,2.0,1.0,H,11.0,14.0,7.0,4.0,11.0,10.0,0.0,4.0,3.0,2.0,0.0,0.0
D1,2023-10-29,16:30,Leverkusen,Freiburg,2,1,H,1.0,0.0,H,19.0,10.0,4.0,4.0,9.0,10.0,11.0,4.0,0.0,2.0,0.0,0.0
D1,2023-11-03,19:30,Darmstadt,Bochum,1,2,A,1.0,1.0,D,15.0,9.0,4.0,4.0,7.0,16.0,11.0,2.0,2.0,5.0,1.0,0.0
D1,2023-11-04,14:30,FC Koln,Augsburg,1,1,D,1.0,1.0,D,28.0,18.0,12.0,3.0,10.0,10.0,10.0,2.0,1.0,4.0,0.0,0.0
D1,2023-11-04,14:30,Freiburg,M'gladbach,3,3,D,1.0,3.0,A,15.0,10.0,8.0,5.0,7.0,10.0,8.0,2.0,2.0,2.0,0.0,0.0
D1,2023-11-04,14:30,Hoffenheim,Leverkusen,2,3,A,0.0,2.0,A,12.0,10.0,7.0,4.0,6.0,10.0,4.0,3.0,3.0,2.0,0.0,0.0
D1,2023-11-04,14:30,Mainz,RB Leipzig,2,0,H,0.0,0.0,D,10.0,10.0,3.0,2.0,13.0,9.0,2.0,7.0,3.0,1.0,0.0,0.0
D1,2023-11-04,14:30,Union Berlin,Ein Frankfurt,0,3,A,0.0,2.0,A,10.0,4.0,3.0,3.0,13.0,8.0,9.0,1.0,0.0,1.0,0.0,0.0
D1,2023-11-04,17:30,Dortmund,Bayern Munich,0,4,A,0.0,2.0,A,15.0,14.0,1.0,8.0,14.0,6.0,3.0,2.0,3.0,2.0,0.0,0.0
D1,2023-11-05,14:30,Wolfsburg,Werder Bremen,2,2,D,1.0,1.0,D,15.0,13.0,5.0,4.0,14.0,17.0,5.0,2.0,4.0,1.0,1.0,0.0
D1,2023-11-05,16:30,Heidenheim,Stuttgart,2,0,H,0.0,0.0,D,19.0,14.0,2.0,2.0,7.0,13.0,9.0,6.0,2.0,2.0,0.0,0.0
D1,2023-11-10,19:30,M'gladbach,Wolfsburg,4,0,H,2.0,0.0,H,16.0,12.0,8.0,4.0,7.0,12.0,8.0,5.0,1.0,3.0,0.0,0.0
D1,2023-11-11,14:30,Darmstadt,Mainz,0,0,D,0.0,0.0,D,9.0,9.0,3.0,0.0,20.0,15.0,0.0,5.0,3.0,3.0,0.0,0.0
D1,2023-11-11,14:30,Stuttgart,Dortmund,2,1,H,1.0,1.0,D,22.0,5.0,10.0,1.0,13.0,16.0,6.0,1.0,2.0,3.0,0.0,0.0
D1,2023-11-11,17:30,Bochum,FC Koln,1,1,D,1.0,0.0,H,25.0,10.0,9.0,6.0,14.0,19.0,3.0,3.0,4.0,1.0,0.0,0.0
D1,2023-11-11,14:30,Augsburg,Hoffenheim,1,1,D,0.0,1.0,A,11.0,12.0,6.0,6.0,9.0,11.0,3.0,5.0,1.0,2.0,0.0,0.0
D1,2023-11-11,14:30,Bayern Munich,Heidenheim,4,2,H,2.0,0.0,H,18.0,7.0,8.0,2.0,8.0,8.0,7.0,2.0,1.0,0.0,0.0,0.0
D1,2023-11-12,14:30,Leverkusen,Union Berlin,4,0,H,1.0,0.0,H,19.0,2.0,10.0,2.0,8.0,5.0,10.0,1.0,0.0,1.0,0.0,0.0
D1,2023-11-12,16:30,Werder Bremen,Ein Frankfurt,2,2,D,1.0,0.0,H,14.0,14.0,5.0,3.0,3.0,10.0,3.0,7.0,1.0,3.0,0.0,0.0
D1,2023-11-12,18:30,RB Leipzig,Freiburg,3,1,H,1.0,1.0,D,15.0,9.0,6.0,3.0,10.0,12.0,7.0,3.0,2.0,0.0,0.0,0.0
D1,2023-11-24,19:30,FC Koln,Bayern Munich,0,1,A,0.0,1.0,A,6.0,19.0,2.0,5.0,6.0,4.0,3.0,12.0,0.0,1.0,0.0,0.0
D1,2023-11-25,17:30,Ein Frankfurt,Stuttgart,1,2,A,1.0,2.0,A,14.0,11.0,1.0,5.0,14.0,8.0,4.0,2.0,0.0,1.0,0.0,0.0
D1,2023-11-25,14:30,Wolfsburg,RB Leipzig,2,1,H,1.0,0.0,H,10.0,26.0,4.0,10.0,18.0,11.0,1.0,12.0,4.0,2.0,0.0,0.0
D1,2023-11-25,14:30,Union Berlin,Augsburg,1,1,D,0.0,1.0,A,16.0,11.0,6.0,2.0,10.0,15.0,3.0,4.0,2.0,2.0,0.0,0.0
D1,2023-11-25,14:30,Freiburg,Darmstadt,1,1,D,1.0,1.0,D,16.0,7.0,3.0,1.0,15.0,15.0,11.0,2.0,2.0,0.0,0.0,0.0
D1,2023-11-25,14:30,Werder Bremen,Leverkusen,0,3,A,0.0,2.0,A,2.0,13.0,1.0,4.0,15.0,4.0,1.0,6.0,3.0,1.0,0.0,0.0
D1,2023-11-25,14:30,Dortmund,M'gladbach,4,2,H,3.0,2.0,H,20.0,10.0,13.0,3.0,11.0,11.0,5.0,4.0,1.0,2.0,0.0,0.0
D1,2023-11-26,16:30,Hoffenheim,Mainz,1,1,D,0.0,1.0,A,15.0,15.0,6.0,6.0,9.0,14.0,4.0,5.0,4.0,4.0,0.0,0.0
D1,2023-11-26,14:30,Heidenheim,Bochum,0,0,D,0.0,0.0,D,9.0,9.0,3.0,2.0,14.0,7.0,6.0,5.0,4.0,3.0,0.0,0.0
D1,2023-12-01,19:30,Darmstadt,FC Koln,0,1,A,0.0,0.0,D,11.0,11.0,1.0,6.0,12.0,12.0,1.0,6.0,1.0,3.0,0.0,0.0
D1,2023-12-02,14:30,Bochum,Wolfsburg,3,1,H,2.0,1.0,H,19.0,15.0,9.0,6.0,14.0,13.0,6.0,6.0,6.0,2.0,0.0,0.0
D1,2023-12-02,14:30,M'gladbach,Hoffenheim,2,1,H,0.0,0.0,D,9.0,17.0,3.0,5.0,12.0,14.0,6.0,3.0,2.0,2.0,0.0,0.0
D1,2023-12-02,14:30,RB Leipzig,Heidenheim,2,1,H,2.0,1.0,H,23.0,7.0,8.0,1.0,13.0,16.0,5.0,3.0,2.0,2.0,0.0,0.0
D1,2023-12-02,17:30,Stuttgart,Werder Bremen,2,0,H,1.0,0.0,H,17.0,11.0,6.0,3.0,7.0,9.0,6.0,7.0,1.0,0.0,0.0,0.0
D1,2023-12-03,14:30,Mainz,Freiburg,0,1,A,0.0,0.0,D,19.0,13.0,6.0,5.0,16.0,11.0,14.0,3.0,1.0,1.0,0.0,0.0
D1,2023-12-03,16:30,Leverkusen,Dortmund,1,1,D,0.0,1.0,A,22.0,6.0,6.0,2.0,12.0,12.0,16.0,1.0,3.0,2.0,0.0,0.0
D1,2023-12-03,18:30,Augsburg,Ein Frankfurt,2,1,H,1.0,0.0,H,9.0,12.0,4.0,6.0,9.0,10.0,2.0,4.0,1.0,1.0,0.0,0.0
D1,2023-12-08,19:30,Hoffenheim,Bochum,3,1,H,2.0,0.0,H,18.0,22.0,7.0,5.0,18.0,11.0,4.0,5.0,3.0,2.0,0.0,0.0
D1,2023-12-09,17:30,Dortmund,RB Leipzig,2,3,A,1.0,1.0,D,18.0,24.0,6.0,8.0,6.0,11.0,6.0,6.0,1.0,3.0,1.0,0.0
D1,2023-12-09,14:30,Wolfsburg,Freiburg,0,1,A,0.0,0.0,D,10.0,4.0,3.0,1.0,11.0,16.0,5.0,3.0,1.0,4.0,0.0,0.0
D1,2023-12-09,14:30,Union Berlin,M'gladbach,3,1,H,1.0,0.0,H,16.0,13.0,6.0,4.0,9.0,8.0,6.0,7.0,1.0,3.0,0.0,0.0
D1,2023-12-09,14:30,Heidenheim,Darmstadt,3,2,H,1.0,0.0,H,16.0,20.0,7.0,7.0,17.0,13.0,8.0,3.0,2.0,2.0,0.0,0.0
D1,2023-12-09,14:30,Ein Frankfurt,Bayern Munich,5,1,H,3.0,1.0,H,14.0,17.0,6.0,6.0,8.0,7.0,1.0,9.0,1.0,2.0,0.0,0.0
D1,2023-12-09,14:30,Werder Bremen,Augsburg,2,0,H,1.0,0.0,H,12.0,11.0,5.0,1.0,13.0,9.0,5.0,2.0,1.0,2.0,0.0,0.0
D1,2023-12-10,14:30,Stuttgart,Leverkusen,1,1,D,1.0,0.0,H,22.0,20.0,12.0,6.0,8.0,7.0,8.0,8.0,1.0,1.0,0.0,0.0
D1,2023-12-10,16:30,FC Koln,Mainz,0,0,D,0.0,0.0,D,7.0,13.0,3.0,5.0,10.0,10.0,1.0,7.0,2.0,4.0,0.0,0.0
D1,2023-12-15,19:30,M'gladbach,Werder Bremen,2,2,D,1.0,1.0,D,15.0,10.0,4.0,5.0,10.0,12.0,4.0,3.0,4.0,2.0,0.0,0.0
D1,2023-12-16,14:30,Augsburg,Dortmund,1,1,D,1.0,1.0,D,20.0,24.0,4.0,6.0,13.0,4.0,4.0,7.0,2.0,1.0,0.0,0.0
D1,2023-12-16,14:30,Bochum,Union Berlin,3,0,H,1.0,0.0,H,21.0,10.0,7.0,2.0,12.0,13.0,6.0,4.0,2.0,2.0,0.0,0.0
D1,2023-12-16,14:30,Darmstadt,Wolfsburg,0,1,A,0.0,0.0,D,14.0,11.0,4.0,3.0,16.0,10.0,7.0,7.0,2.0,0.0,0.0,1.0
D1,2023-12-16,17:30,RB Leipzig,Hoffenheim,3,1,H,1.0,1.0,D,23.0,10.0,11.0,4.0,11.0,9.0,9.0,2.0,3.0,2.0,0.0,0.0
D1,2023-12-16,14:30,Mainz,Heidenheim,0,1,A,0.0,1.0,A,16.0,5.0,4.0,2.0,9.0,20.0,8.0,1.0,3.0,3.0,0.0,0.0
D1,2023-12-17,14:30,Freiburg,FC Koln,2,0,H,0.0,0.0,D,23.0,7.0,7.0,1.0,13.0,10.0,5.0,2.0,1.0,4.0,0.0,1.0
D1,2023-12-17,16:30,Leverkusen,Ein Frankfurt,3,0,H,1.0,0.0,H,14.0,4.0,6.0,2.0,4.0,13.0,5.0,5.0,1.0,1.0,0.0,0.0
D1,2023-12-17,18:30,Bayern Munich,Stuttgart,3,0,H,1.0,0.0,H,17.0,5.0,8.0,2.0,7.0,8.0,6.0,2.0,0.0,3.0,0.0,0.0
D1,2023-12-19,17:30,Werder Bremen,RB Leipzig,1,1,D,0.0,0.0,D,11.0,18.0,3.0,9.0,15.0,9.0,1.0,4.0,4.0,2.0,0.0,0.0
D1,2023-12-19,19:30,Dortmund,Mainz,1,1,D,1.0,1.0,D,21.0,11.0,8.0,6.0,11.0,14.0,6.0,1.0,0.0,4.0,0.0,0.0
D1,2023-12-19,19:30,Hoffenheim,Darmstadt,3,3,D,2.0,1.0,H,13.0,14.0,4.0,3.0,9.0,15.0,8.0,3.0,2.0,4.0,0.0,0.0
D1,2023-12-20,17:30,Union Berlin,FC Koln,2,0,H,0.0,0.0,D,12.0,15.0,8.0,7.0,10.0,7.0,4.0,5.0,0.0,0.0,0.0,0.0
D1,2023-12-20,19:30,Ein Frankfurt,M'gladbach,2,1,H,0.0,1.0,A,15.0,7.0,7.0,2.0,11.0,14.0,8.0,2.0,1.0,6.0,0.0,1.0
D1,2023-12-20,19:30,Wolfsburg,Bayern Munich,1,2,A,1.0,2.0,A,5.0,20.0,4.0,7.0,14.0,12.0,0.0,6.0,4.0,2.0,0.0,0.0
D1,2023-12-20,19:30,Stuttgart,Augsburg,3,0,H,2.0,0.0,H,17.0,6.0,7.0,5.0,8.0,14.0,4.0,4.0,0.0,4.0,0.0,0.0
D1,2023-12-20,19:30,Leverkusen,Bochum,4,0,H,3.0,0.0,H,15.0,6.0,8.0,1.0,7.0,12.0,4.0,3.0,0.0,2.0,0.0,0.0
D1,2023-12-20,19:30,Heidenheim,Freiburg,3,2,H,0.0,1.0,A,14.0,10.0,3.0,4.0,20.0,12.0,7.0,4.0,3.0,4.0,0.0,0.0
D1,2024-01-12,19:30,Bayern Munich,Hoffenheim,3,0,H,1.0,0.0,H,27.0,12.0,12.0,4.0,8.0,6.0,11.0,2.0,1.0,3.0,0.0,1.0
D1,2024-01-13,14:30,Mainz,Wolfsburg,1,1,D,0.0,1.0,A,12.0,9.0,4.0,4.0,21.0,16.0,7.0,3.0,3.0,4.0,0.0,0.0
D1,2024-01-13,14:30,RB Leipzig,Ein Frankfurt,0,1,A,0.0,1.0,A,26.0,5.0,7.0,1.0,7.0,16.0,15.0,4.0,0.0,2.0,0.0,0.0
D1,2024-01-13,17:30,Darmstadt,Dortmund,0,3,A,0.0,1.0,A,10.0,17.0,2.0,8.0,10.0,13.0,3.0,4.0,1.0,3.0,0.0,0.0
D1,2024-01-13,14:30,FC Koln,Heidenheim,1,1,D,1.0,0.0,H,13.0,10.0,6.0,2.0,12.0,11.0,9.0,6.0,2.0,1.0,0.0,0.0
D1,2024-01-13,14:30,Augsburg,Leverkusen,0,1,A,0.0,0.0,D,2.0,25.0,0.0,6.0,11.0,4.0,0.0,12.0,3.0,1.0,0.0,0.0
D1,2024-01-13,14:30,Freiburg,Union Berlin,0,0,D,0.0,0.0,D,14.0,8.0,4.0,4.0,7.0,9.0,4.0,3.0,0.0,2.0,0.0,0.0
D1,2024-01-14,16:30,M'gladbach,Stuttgart,3,1,H,2.0,0.0,H,8.0,14.0,4.0,2.0,7.0,11.0,0.0,3.0,3.0,3.0,0.0,0.0
D1,2024-01-14,14:30,Bochum,Werder Bremen,1,1,D,0.0,0.0,D,13.0,15.0,4.0,4.0,14.0,14.0,3.0,4.0,6.0,5.0,0.0,0.0
D1,2024-01-20,17:30,RB Leipzig,Leverkusen,2,3,A,1.0,0.0,H,11.0,18.0,6.0,5.0,11.0,11.0,1.0,9.0,2.0,3.0,0.0,0.0
D1,2024-01-20,14:30,Heidenheim,Wolfsburg,1,1,D,1.0,1.0,D,12.0,12.0,3.0,3.0,11.0,10.0,4.0,2.0,0.0,1.0,0.0,0.0
D1,2024-01-20,14:30,Bochum,Stuttgart,1,0,H,0.0,0.0,D,6.0,17.0,1.0,4.0,16.0,16.0,1.0,7.0,5.0,3.0,0.0,0.0
D1,2024-01-20,14:30,FC Koln,Dortmund,0,4,A,0.0,1.0,A,16.0,11.0,5.0,7.0,16.0,7.0,13.0,4.0,2.0,2.0,0.0,0.0
D1,2024-01-20,14:30,Freiburg,Hoffenheim,3,2,H,1.0,0.0,H,16.0,16.0,8.0,4.0,18.0,10.0,2.0,2.0,3.0,3.0,1.0,0.0
D1,2024-01-20,14:30,Darmstadt,Ein Frankfurt,2,2,D,0.0,1.0,A,13.0,7.0,3.0,4.0,11.0,7.0,4.0,1.0,1.0,1.0,0.0,0.0
D1,2024-01-21,14:30,Bayern Munich,Werder Bremen,0,1,A,0.0,0.0,D,21.0,8.0,6.0,3.0,12.0,7.0,10.0,2.0,2.0,1.0,0.0,0.0
D1,2024-01-21,16:30,M'gladbach,Augsburg,1,2,A,1.0,0.0,H,18.0,15.0,4.0,7.0,10.0,20.0,5.0,7.0,1.0,2.0,0.0,0.0
D1,2024-01-24,19:30,Bayern Munich,Union Berlin,1,0,H,0.0,0.0,D,24.0,4.0,10.0,1.0,5.0,9.0,12.0,1.0,2.0,4.0,0.0,0.0
D1,2024-01-26,19:30,Ein Frankfurt,Mainz,1,0,H,0.0,0.0,D,13.0,7.0,4.0,0.0,10.0,12.0,2.0,1.0,2.0,1.0,0.0,0.0
D1,2024-01-27,14:30,Wolfsburg,FC Koln,1,1,D,1.0,1.0,D,12.0,6.0,5.0,2.0,17.0,12.0,6.0,3.0,5.0,3.0,0.0,0.0
D1,2024-01-27,17:30,Leverkusen,M'gladbach,0,0,D,0.0,0.0,D,28.0,4.0,8.0,3.0,15.0,6.0,8.0,2.0,3.0,1.0,0.0,0.0
D1,2024-01-27,14:30,Hoffenheim,Heidenheim,1,1,D,1.0,1.0,D,20.0,15.0,8.0,3.0,11.0,13.0,9.0,5.0,4.0,0.0,0.0,0.0
D1,2024-01-27,14:30,Augsburg,Bayern Munich,2,3,A,0.0,2.0,A,14.0,13.0,7.0,4.0,12.0,11.0,4.0,5.0,2.0,6.0,0.0,0.0
D1,2024-01-27,14:30,Stuttgart,RB Leipzig,5,2,H,2.0,1.0,H,19.0,4.0,11.0,2.0,9.0,11.0,9.0,3.0,1.0,4.0,0.0,0.0
D1,2024-01-27,14:30,Werder Bremen,Freiburg,3,1,H,1.0,1.0,D,14.0,7.0,4.0,4.0,14.0,10.0,5.0,5.0,2.0,1.0,0.0,0.0
D1,2024-01-28,14:30,Union Berlin,Darmstadt,1,0,H,0.0,0.0,D,19.0,15.0,6.0,1.0,13.0,9.0,4.0,3.0,3.0,2.0,0.0,0.0
D1,2024-01-28,16:30,Dortmund,Bochum,3,1,H,1.0,1.0,D,15.0,10.0,6.0,4.0,10.0,16.0,8.0,4.0,1.0,3.0,0.0,0.0
D1,2024-02-02,19:30,Heidenheim,Dortmund,0,0,D,0.0,0.0,D,11.0,13.0,0.0,5.0,7.0,7.0,4.0,6.0,0.0,2.0,0.0,0.0
D1,2024-02-03,14:30,Bayern Munich,M'gladbach,3,1,H,1.0,1.0,D,21.0,11.0,6.0,4.0,11.0,9.0,6.0,5.0,0.0,1.0,0.0,0.0
D1,2024-02-03,14:30,Bochum,Augsburg,1,1,D,1.0,0.0,H,9.0,12.0,4.0,6.0,17.0,14.0,3.0,5.0,3.0,1.0,0.0,0.0
D1,2024-02-03,14:30,Darmstadt,Leverkusen,0,2,A,0.0,1.0,A,8.0,18.0,6.0,7.0,14.0,8.0,4.0,3.0,2.0,2.0,0.0,0.0
D1,2024-02-03,14:30,Freiburg,Stuttgart,1,3,A,1.0,2.0,A,7.0,17.0,4.0,9.0,10.0,7.0,1.0,6.0,4.0,2.0,1.0,0.0
D1,2024-02-03,14:30,Mainz,Werder Bremen,0,1,A,0.0,1.0,A,20.0,6.0,5.0,1.0,22.0,16.0,11.0,1.0,4.0,3.0,0.0,0.0
D1,2024-02-03,17:30,FC Koln,Ein Frankfurt,2,0,H,0.0,0.0,D,14.0,11.0,4.0,4.0,8.0,13.0,7.0,7.0,1.0,4.0,0.0,2.0
D1,2024-02-04,16:30,RB Leipzig,Union Berlin,2,0,H,1.0,0.0,H,16.0,10.0,6.0,2.0,13.0,11.0,5.0,4.0,1.0,2.0,0.0,1.0
D1,2024-02-04,14:30,Wolfsburg,Hoffenheim,2,2,D,0.0,1.0,A,14.0,17.0,8.0,7.0,12.0,16.0,7.0,2.0,2.0,3.0,0.0,0.0
D1,2024-02-07,17:30,Mainz,Union Berlin,1,1,D,1.0,1.0,D,16.0,15.0,7.0,4.0,14.0,15.0,8.0,3.0,2.0,4.0,0.0,0.0
D1,2024-02-09,19:30,Dortmund,Freiburg,3,0,H,2.0,0.0,H,17.0,6.0,8.0,3.0,13.0,7.0,5.0,3.0,2.0,0.0,0.0,0.0
D1,2024-02-10,14:30,M'gladbach,Darmstadt,0,0,D,0.0,0.0,D,22.0,10.0,8.0,1.0,11.0,15.0,7.0,2.0,0.0,5.0,0.0,0.0
D1,2024-02-10,14:30,Union Berlin,Wolfsburg,1,0,H,1.0,0.0,H,7.0,15.0,2.0,5.0,12.0,9.0,6.0,10.0,1.0,2.0,0.0,0.0
D1,2024-02-10,14:30,Werder Bremen,Heidenheim,1,2,A,1.0,2.0,A,14.0,10.0,3.0,3.0,10.0,13.0,5.0,10.0,1.0,2.0,0.0,0.0
D1,2024-02-10,17:30,Leverkusen,Bayern Munich,3,0,H,1.0,0.0,H,14.0,8.0,8.0,1.0,13.0,13.0,4.0,6.0,3.0,2.0,0.0,0.0
D1,2024-02-10,14:30,Ein Frankfurt,Bochum,1,1,D,1.0,1.0,D,8.0,14.0,2.0,5.0,6.0,12.0,8.0,3.0,2.0,2.0,0.0,0.0
D1,2024-02-10,14:30,Augsburg,RB Leipzig,2,2,D,1.0,1.0,D,11.0,9.0,4.0,6.0,15.0,10.0,1.0,3.0,5.0,1.0,0.0,0.0
D1,2024-02-11,14:30,Stuttgart,Mainz,3,1,H,2.0,0.0,H,10.0,16.0,7.0,6.0,7.0,9.0,4.0,5.0,1.0,1.0,0.0,0.0
D1,2024-02-11,16:30,Hoffenheim,FC Koln,1,1,D,0.0,0.0,D,10.0,5.0,4.0,1.0,12.0,13.0,10.0,3.0,3.0,4.0,0.0,0.0
D1,2024-02-16,19:30,FC Koln,Werder Bremen,0,1,A,0.0,0.0,D,10.0,13.0,2.0,4.0,16.0,11.0,5.0,3.0,4.0,4.0,0.0,0.0
D1,2024-02-17,17:30,RB Leipzig,M'gladbach,2,0,H,1.0,0.0,H,16.0,13.0,9.0,0.0,12.0,13.0,8.0,4.0,1.0,5.0,0.0,0.0
D1,2024-02-17,14:30,Wolfsburg,Dortmund,1,1,D,0.0,1.0,A,9.0,12.0,4.0,5.0,18.0,5.0,5.0,3.0,3.0,1.0,0.0,0.0
D1,2024-02-17,14:30,Heidenheim,Leverkusen,1,2,A,0.0,1.0,A,6.0,17.0,3.0,4.0,15.0,5.0,4.0,5.0,2.0,1.0,0.0,0.0
D1,2024-02-17,14:30,Darmstadt,Stuttgart,1,2,A,0.0,1.0,A,21.0,13.0,9.0,4.0,15.0,14.0,5.0,3.0,4.0,5.0,0.0,1.0
D1,2024-02-17,14:30,Mainz,Augsburg,1,0,H,1.0,0.0,H,19.0,10.0,4.0,4.0,8.0,16.0,7.0,7.0,3.0,2.0,0.0,1.0
D1,2024-02-17,14:30,Hoffenheim,Union Berlin,0,1,A,0.0,0.0,D,16.0,10.0,4.0,3.0,10.0,7.0,6.0,2.0,3.0,4.0,1.0,1.0
D1,2024-02-18,14:30,Freiburg,Ein Frankfurt,3,3,D,2.0,2.0,D,13.0,10.0,8.0,6.0,8.0,10.0,6.0,1.0,0.0,0.0,0.0,0.0
D1,2024-02-18,16:30,Bochum,Bayern Munich,3,2,H,2.0,1.0,H,14.0,26.0,5.0,10.0,12.0,10.0,4.0,9.0,2.0,4.0,0.0,1.0
D1,2024-02-23,19:30,Leverkusen,Mainz,2,1,H,1.0,1.0,D,18.0,13.0,7.0,4.0,14.0,16.0,11.0,2.0,3.0,5.0,0.0,1.0
D1,2024-02-24,14:30,M'gladbach,Bochum,5,2,H,2.0,0.0,H,22.0,15.0,6.0,5.0,13.0,13.0,5.0,6.0,2.0,4.0,0.0,0.0
D1,2024-02-24,14:30,Stuttgart,FC Koln,1,1,D,0.0,0.0,D,13.0,12.0,5.0,6.0,11.0,13.0,9.0,4.0,1.0,0.0,0.0,0.0
D1,2024-02-24,14:30,Union Berlin,Heidenheim,2,2,D,2.0,1.0,H,12.0,9.0,3.0,4.0,9.0,12.0,4.0,2.0,2.0,1.0,0.0,0.0
D1,2024-02-24,14:30,Werder Bremen,Darmstadt,1,1,D,1.0,1.0,D,13.0,11.0,4.0,3.0,10.0,13.0,4.0,6.0,3.0,4.0,0.0,0.0
D1,2024-02-24,17:30,Bayern Munich,RB Leipzig,2,1,H,0.0,0.0,D,16.0,11.0,4.0,5.0,11.0,10.0,6.0,4.0,3.0,3.0,0.0,0.0
D1,2024-02-25,16:30,Dortmund,Hoffenheim,2,3,A,2.0,1.0,H,19.0,7.0,7.0,5.0,7.0,10.0,10.0,3.0,2.0,3.0,0.0,0.0
D1,2024-02-25,18:30,Augsburg,Freiburg,2,1,H,0.0,1.0,A,21.0,5.0,8.0,1.0,16.0,11.0,10.0,2.0,3.0,1.0,0.0,0.0
D1,2024-02-25,14:30,Ein Frankfurt,Wolfsburg,2,2,D,1.0,2.0,A,12.0,14.0,5.0,8.0,9.0,7.0,5.0,3.0,2.0,1.0,0.0,0.0
D1,2024-03-01,19:30,Freiburg,Bayern Munich,2,2,D,1.0,1.0,D,17.0,21.0,5.0,9.0,11.0,7.0,3.0,6.0,1.0,2.0,0.0,0.0
D1,2024-03-02,17:30,Wolfsburg,Stuttgart,2,3,A,0.0,1.0,A,12.0,7.0,2.0,3.0,20.0,12.0,5.0,4.0,3.0,2.0,0.0,0.0
D1,2024-03-02,14:30,Union Berlin,Dortmund,0,2,A,0.0,1.0,A,13.0,12.0,5.0,7.0,11.0,8.0,8.0,7.0,2.0,1.0,0.0,0.0
D1,2024-03-02,14:30,Heidenheim,Ein Frankfurt,1,2,A,0.0,1.0,A,16.0,11.0,3.0,6.0,6.0,10.0,7.0,3.0,1.0,4.0,0.0,0.0
D1,2024-03-02,14:30,Darmstadt,Augsburg,0,6,A,0.0,5.0,A,10.0,21.0,5.0,6.0,4.0,12.0,3.0,6.0,2.0,0.0,0.0,0.0
D1,2024-03-02,14:30,Mainz,M'gladbach,1,1,D,1.0,0.0,H,21.0,14.0,5.0,5.0,12.0,15.0,12.0,6.0,5.0,1.0,1.0,0.0
D1,2024-03-02,14:30,Bochum,RB Leipzig,1,4,A,1.0,1.0,D,15.0,10.0,4.0,4.0,13.0,10.0,2.0,5.0,3.0,2.0,1.0,0.0
D1,2024-03-03,14:30,FC Koln,Leverkusen,0,2,A,0.0,1.0,A,6.0,17.0,0.0,6.0,10.0,9.0,1.0,9.0,2.0,2.0,1.0,0.0
D1,2024-03-03,16:30,Hoffenheim,Werder Bremen,2,1,H,2.0,0.0,H,14.0,18.0,7.0,8.0,11.0,10.0,3.0,3.0,5.0,1.0,1.0,0.0
D1,2024-03-08,19:30,Stuttgart,Union Berlin,2,0,H,1.0,0.0,H,14.0,10.0,5.0,4.0,7.0,14.0,4.0,3.0,1.0,2.0,0.0,1.0
D1,2024-03-09,14:30,Augsburg,Heidenheim,1,0,H,1.0,0.0,H,8.0,6.0,4.0,1.0,14.0,20.0,5.0,2.0,1.0,3.0,0.0,0.0
D1,2024-03-09,14:30,Bayern Munich,Mainz,8,1,H,3.0,1.0,H,25.0,13.0,12.0,3.0,8.0,7.0,6.0,7.0,1.0,1.0,0.0,0.0
D1,2024-03-09,14:30,M'gladbach,FC Koln,3,3,D,1.0,1.0,D,16.0,12.0,5.0,5.0,15.0,15.0,8.0,3.0,3.0,4.0,0.0,0.0
D1,2024-03-09,14:30,RB Leipzig,Darmstadt,2,0,H,1.0,0.0,H,28.0,9.0,8.0,4.0,3.0,14.0,8.0,4.0,0.0,3.0,0.0,0.0
D1,2024-03-09,17:30,Werder Bremen,Dortmund,1,2,A,0.0,2.0,A,15.0,13.0,5.0,6.0,6.0,8.0,10.0,4.0,1.0,2.0,0.0,1.0
D1,2024-03-10,18:30,Leverkusen,Wolfsburg,2,0,H,1.0,0.0,H,19.0,2.0,7.0,1.0,6.0,7.0,9.0,2.0,1.0,3.0,0.0,1.0
D1,2024-03-10,14:30,Bochum,Freiburg,1,2,A,0.0,1.0,A,18.0,9.0,6.0,5.0,11.0,11.0,12.0,5.0,3.0,7.0,0.0,0.0
D1,2024-03-10,16:30,Ein Frankfurt,Hoffenheim,3,1,H,1.0,1.0,D,17.0,6.0,7.0,2.0,11.0,10.0,5.0,1.0,2.0,3.0,0.0,2.0
D1,2024-03-15,19:30,FC Koln,RB Leipzig,1,5,A,1.0,1.0,D,9.0,23.0,2.0,7.0,11.0,12.0,3.0,6.0,2.0,2.0,0.0,0.0
D1,2024-03-16,14:30,Darmstadt,Bayern Munich,2,5,A,1.0,2.0,A,7.0,26.0,3.0,6.0,9.0,6.0,2.0,9.0,1.0,0.0,0.0,0.0
D1,2024-03-16,14:30,Heidenheim,M'gladbach,1,1,D,0.0,1.0,A,16.0,6.0,5.0,2.0,16.0,8.0,10.0,4.0,1.0,3.0,0.0,0.0
D1,2024-03-16,14:30,Mainz,Bochum,2,0,H,1.0,0.0,H,13.0,11.0,4.0,4.0,15.0,15.0,7.0,6.0,4.0,3.0,0.0,0.0
D1,2024-03-16,14:30,Union Berlin,Werder Bremen,2,1,H,0.0,0.0,D,11.0,10.0,5.0,2.0,16.0,16.0,4.0,3.0,3.0,5.0,0.0,0.0
D1,2024-03-16,14:30,Wolfsburg,Augsburg,1,3,A,1.0,1.0,D,15.0,14.0,4.0,5.0,12.0,19.0,8.0,6.0,1.0,3.0,1.0,0.0
D1,2024-03-16,17:30,Hoffenheim,Stuttgart,0,3,A,0.0,2.0,A,8.0,25.0,1.0,12.0,8.0,12.0,5.0,6.0,1.0,0.0,0.0,0.0
D1,2024-03-17,14:30,Freiburg,Leverkusen,2,3,A,1.0,2.0,A,9.0,18.0,3.0,7.0,13.0,6.0,2.0,8.0,1.0,0.0,0.0,0.0
D1,2024-03-17,16:30,Dortmund,Ein Frankfurt,3,1,H,1.0,1.0,D,16.0,8.0,6.0,6.0,5.0,9.0,8.0,3.0,1.0,2.0,0.0,0.0
D1,2024-03-30,14:30,Werder Bremen,Wolfsburg,0,2,A,0.0,1.0,A,6.0,15.0,1.0,5.0,13.0,15.0,3.0,6.0,4.0,4.0,1.0,1.0
D1,2024-03-30,17:30,Bayern Munich,Dortmund,0,2,A,0.0,1.0,A,16.0,11.0,3.0,5.0,7.0,7.0,7.0,4.0,0.0,0.0,0.0,0.0
D1,2024-03-30,14:30,M'gladbach,Freiburg,0,3,A,0.0,1.0,A,18.0,13.0,4.0,8.0,11.0,7.0,14.0,1.0,1.0,0.0,0.0,0.0
D1,2024-03-30,14:30,Leverkusen,Hoffenheim,2,1,H,0.0,1.0,A,36.0,6.0,12.0,2.0,9.0,8.0,9.0,2.0,0.0,1.0,0.0,0.0
D1,2024-03-30,14:30,RB Leipzig,Mainz,0,0,D,0.0,0.0,D,23.0,8.0,10.0,2.0,10.0,15.0,12.0,2.0,2.0,5.0,0.0,0.0
D1,2024-03-30,14:30,Ein Frankfurt,Union Berlin,0,0,D,0.0,0.0,D,18.0,10.0,4.0,2.0,8.0,14.0,6.0,2.0,3.0,1.0,0.0,0.0
D1,2024-03-31,18:30,Bochum,Darmstadt,2,2,D,1.0,0.0,H,20.0,13.0,7.0,3.0,7.0,15.0,6.0,5.0,2.0,2.0,0.0,0.0
D1,2024-03-31,16:30,Stuttgart,Heidenheim,3,3,D,1.0,0.0,H,20.0,6.0,6.0,3.0,5.0,9.0,6.0,7.0,1.0,0.0,0.0,1.0
D1,2024-03-31,14:30,Augsburg,FC Koln,1,1,D,1.0,1.0,D,24.0,12.0,6.0,2.0,9.0,13.0,12.0,6.0,0.0,3.0,0.0,0.0
D1,2024-04-05,19:30,Ein Frankfurt,Werder Bremen,1,1,D,0.0,0.0,D,19.0,10.0,5.0,7.0,10.0,14.0,9.0,0.0,3.0,2.0,1.0,1.0
D1,2024-04-06,14:30,FC Koln,Bochum,2,1,H,0.0,0.0,D,17.0,8.0,6.0,2.0,16.0,13.0,9.0,4.0,3.0,3.0,0.0,0.0
D1,2024-04-06,14:30,Freiburg,RB Leipzig,1,4,A,0.0,3.0,A,15.0,15.0,4.0,6.0,7.0,12.0,8.0,4.0,3.0,4.0,0.0,0.0
D1,2024-04-06,14:30,Heidenheim,Bayern Munich,3,2,H,0.0,2.0,A,9.0,15.0,4.0,8.0,9.0,8.0,3.0,3.0,2.0,0.0,0.0,0.0
D1,2024-04-06,14:30,Mainz,Darmstadt,4,0,H,1.0,0.0,H,18.0,14.0,9.0,2.0,16.0,9.0,5.0,1.0,2.0,3.0,0.0,0.0
D1,2024-04-06,14:30,Union Berlin,Leverkusen,0,1,A,0.0,1.0,A,8.0,19.0,1.0,8.0,10.0,14.0,7.0,10.0,3.0,2.0,1.0,0.0
D1,2024-04-06,17:30,Dortmund,Stuttgart,0,1,A,0.0,0.0,D,14.0,10.0,7.0,2.0,8.0,8.0,8.0,3.0,2.0,4.0,0.0,0.0
D1,2024-04-07,14:30,Hoffenheim,Augsburg,3,1,H,2.0,0.0,H,17.0,14.0,6.0,7.0,8.0,14.0,11.0,6.0,3.0,1.0,0.0,0.0
D1,2024-04-07,16:30,Wolfsburg,M'gladbach,1,3,A,1.0,0.0,H,13.0,10.0,4.0,6.0,9.0,12.0,4.0,4.0,2.0,2.0,0.0,0.0
D1,2024-04-12,19:30,Augsburg,Union Berlin,2,0,H,0.0,0.0,D,12.0,17.0,4.0,4.0,15.0,14.0,5.0,4.0,1.0,1.0,0.0,0.0
D1,2024-04-13,17:30,Stuttgart,Ein Frankfurt,3,0,H,3.0,0.0,H,9.0,10.0,6.0,3.0,4.0,15.0,4.0,5.0,1.0,3.0,0.0,0.0
D1,2024-04-13,14:30,RB Leipzig,Wolfsburg,3,0,H,1.0,0.0,H,15.0,10.0,6.0,3.0,12.0,7.0,6.0,4.0,2.0,4.0,0.0,0.0
D1,2024-04-13,14:30,Bochum,Heidenheim,1,1,D,0.0,0.0,D,24.0,10.0,5.0,3.0,12.0,22.0,6.0,2.0,4.0,1.0,0.0,0.0
D1,2024-04-13,14:30,Bayern Munich,FC Koln,2,0,H,0.0,0.0,D,17.0,11.0,7.0,5.0,3.0,15.0,5.0,5.0,0.0,3.0,0.0,0.0
D1,2024-04-13,14:30,M'gladbach,Dortmund,1,2,A,1.0,2.0,A,16.0,12.0,5.0,4.0,13.0,11.0,2.0,4.0,1.0,4.0,0.0,1.0
D1,2024-04-13,14:30,Mainz,Hoffenheim,4,1,H,0.0,1.0,A,23.0,5.0,8.0,1.0,12.0,14.0,9.0,3.0,0.0,2.0,0.0,0.0
D1,2024-04-14,14:30,Darmstadt,Freiburg,0,1,A,0.0,1.0,A,16.0,9.0,4.0,3.0,6.0,12.0,2.0,2.0,0.0,1.0,0.0,0.0
D1,2024-04-14,16:30,Leverkusen,Werder Bremen,5,0,H,1.0,0.0,H,19.0,7.0,10.0,3.0,10.0,4.0,7.0,0.0,2.0,1.0,0.0,0.0
D1,2024-04-19,19:30,Ein Frankfurt,Augsburg,3,1,H,0.0,1.0,A,12.0,6.0,7.0,1.0,2.0,19.0,6.0,5.0,3.0,3.0,0.0,0.0
D1,2024-04-20,14:30,FC Koln,Darmstadt,0,2,A,0.0,0.0,D,18.0,12.0,4.0,6.0,10.0,13.0,4.0,3.0,0.0,1.0,0.0,0.0
D1,2024-04-20,14:30,Heidenheim,RB Leipzig,1,2,A,0.0,1.0,A,9.0,11.0,5.0,4.0,14.0,7.0,2.0,6.0,3.0,1.0,0.0,0.0
D1,2024-04-20,14:30,Hoffenheim,M'gladbach,4,3,H,1.0,1.0,D,27.0,13.0,9.0,7.0,6.0,11.0,6.0,5.0,1.0,3.0,0.0,0.0
D1,2024-04-20,14:30,Wolfsburg,Bochum,1,0,H,1.0,0.0,H,10.0,9.0,5.0,1.0,11.0,16.0,5.0,8.0,4.0,3.0,0.0,0.0
D1,2024-04-20,17:30,Union Berlin,Bayern Munich,1,5,A,0.0,2.0,A,15.0,18.0,4.0,9.0,5.0,4.0,5.0,3.0,0.0,0.0,0.0,0.0
D1,2024-04-21,14:30,Werder Bremen,Stuttgart,2,1,H,1.0,0.0,H,9.0,14.0,2.0,5.0,11.0,10.0,1.0,7.0,3.0,3.0,0.0,0.0
D1,2024-04-21,16:30,Dortmund,Leverkusen,1,1,D,0.0,0.0,D,9.0,13.0,2.0,5.0,14.0,11.0,2.0,6.0,4.0,3.0,0.0,0.0
D1,2024-04-21,18:30,Freiburg,Mainz,1,1,D,1.0,1.0,D,7.0,17.0,3.0,4.0,17.0,15.0,2.0,4.0,3.0,4.0,0.0,0.0
D1,2024-04-26,19:30,Bochum,Hoffenheim,3,2,H,2.0,0.0,H,35.0,12.0,13.0,4.0,13.0,10.0,10.0,4.0,1.0,1.0,0.0,0.0
D1,2024-04-27,17:30,Leverkusen,Stuttgart,2,2,D,0.0,0.0,D,14.0,11.0,6.0,4.0,10.0,19.0,5.0,2.0,4.0,3.0,0.0,0.0
D1,2024-04-27,14:30,Freiburg,Wolfsburg,1,2,A,1.0,0.0,H,16.0,13.0,3.0,5.0,12.0,7.0,3.0,6.0,4.0,2.0,1.0,0.0
D1,2024-04-27,14:30,Bayern Munich,Ein Frankfurt,2,1,H,1.0,1.0,D,19.0,10.0,9.0,3.0,11.0,7.0,4.0,2.0,0.0,3.0,0.0,0.0
D1,2024-04-27,14:30,Augsburg,Werder Bremen,0,3,A,0.0,0.0,D,14.0,16.0,1.0,8.0,18.0,8.0,6.0,4.0,1.0,2.0,0.0,0.0
D1,2024-04-27,14:30,RB Leipzig,Dortmund,4,1,H,2.0,1.0,H,21.0,12.0,7.0,5.0,11.0,7.0,5.0,8.0,1.0,2.0,0.0,0.0
D1,2024-04-28,16:30,Mainz,FC Koln,1,1,D,1.0,0.0,H,16.0,16.0,4.0,6.0,17.0,13.0,6.0,6.0,4.0,4.0,1.0,0.0
D1,2024-04-28,18:30,Darmstadt,Heidenheim,0,1,A,0.0,0.0,D,12.0,19.0,4.0,6.0,14.0,12.0,3.0,8.0,2.0,1.0,0.0,0.0
D1,2024-04-28,14:30,M'gladbach,Union Berlin,0,0,D,0.0,0.0,D,13.0,14.0,4.0,7.0,3.0,13.0,3.0,4.0,2.0,2.0,0.0,0.0
D1,2024-05-03,19:30,Hoffenheim,RB Leipzig,1,1,D,0.0,1.0,A,18.0,8.0,8.0,5.0,6.0,8.0,4.0,4.0,1.0,3.0,0.0,1.0
D1,2024-05-04,17:30,FC Koln,Freiburg,0,0,D,0.0,0.0,D,20.0,4.0,7.0,0.0,10.0,9.0,7.0,1.0,1.0,1.0,0.0,0.0
D1,2024-05-04,14:30,Wolfsburg,Darmstadt,3,0,H,2.0,0.0,H,18.0,6.0,6.0,1.0,11.0,13.0,9.0,2.0,0.0,3.0,0.0,0.0
D1,2024-05-04,14:30,Werder Bremen,M'gladbach,2,2,D,1.0,1.0,D,17.0,17.0,6.0,7.0,6.0,7.0,7.0,2.0,0.0,0.0,0.0,0.0
D1,2024-05-04,14:30,Stuttgart,Bayern Munich,3,1,H,1.0,1.0,D,24.0,10.0,11.0,3.0,10.0,8.0,3.0,1.0,1.0,2.0,0.0,0.0
D1,2024-05-04,14:30,Dortmund,Augsburg,5,1,H,4.0,1.0,H,21.0,20.0,10.0,4.0,4.0,11.0,6.0,9.0,0.0,1.0,0.0,0.0
D1,2024-05-05,14:30,Union Berlin,Bochum,3,4,A,0.0,3.0,A,12.0,17.0,6.0,5.0,13.0,16.0,6.0,4.0,0.0,1.0,0.0,0.0
D1,2024-05-05,18:30,Heidenheim,Mainz,1,1,D,0.0,1.0,A,16.0,10.0,6.0,4.0,8.0,8.0,6.0,3.0,2.0,3.0,0.0,0.0
D1,2024-05-05,16:30,Ein Frankfurt,Leverkusen,1,5,A,1.0,2.0,A,16.0,10.0,5.0,6.0,10.0,4.0,10.0,5.0,0.0,0.0,0.0,0.0
D1,2024-05-10,19:30,Augsburg,Stuttgart,0,1,A,0.0,0.0,D,9.0,19.0,1.0,7.0,15.0,9.0,5.0,5.0,4.0,2.0,0.0,0.0
D1,2024-05-11,14:30,FC Koln,Union Berlin,3,2,H,1.0,2.0,A,18.0,14.0,5.0,6.0,15.0,16.0,6.0,8.0,3.0,2.0,0.0,0.0
D1,2024-05-11,17:30,Mainz,Dortmund,3,0,H,3.0,0.0,H,14.0,10.0,6.0,2.0,14.0,11.0,4.0,2.0,2.0,2.0,0.0,0.0
D1,2024-05-11,14:30,RB Leipzig,Werder Bremen,1,1,D,0.0,1.0,A,13.0,10.0,5.0,1.0,12.0,6.0,4.0,3.0,1.0,0.0,0.0,0.0
D1,2024-05-11,14:30,Freiburg,Heidenheim,1,1,D,1.0,1.0,D,19.0,9.0,3.0,3.0,9.0,11.0,2.0,4.0,1.0,1.0,0.0,0.0
D1,2024-05-11,14:30,M'gladbach,Ein Frankfurt,1,1,D,1.0,1.0,D,6.0,16.0,3.0,1.0,9.0,10.0,2.0,8.0,1.0,0.0,0.0,0.0
D1,2024-05-12,18:30,Bochum,Leverkusen,0,5,A,0.0,2.0,A,2.0,28.0,0.0,10.0,5.0,10.0,2.0,6.0,2.0,1.0,1.0,0.0
D1,2024-05-12,16:30,Bayern Munich,Wolfsburg,2,0,H,2.0,0.0,H,5.0,5.0,3.0,2.0,7.0,8.0,4.0,0.0,0.0,2.0,0.0,0.0
D1,2024-05-12,14:30,Darmstadt,Hoffenheim,0,6,A,0.0,5.0,A,9.0,12.0,1.0,7.0,9.0,3.0,2.0,3.0,3.0,0.0,0.0,0.0
D1,2024-05-18,14:30,Werder Bremen,Bochum,4,1,H,1.0,0.0,H,25.0,26.0,12.0,8.0,12.0,12.0,8.0,8.0,1.0,1.0,0.0,0.0
D1,2024-05-18,14:30,Wolfsburg,Mainz,1,3,A,1.0,1.0,D,12.0,12.0,4.0,6.0,13.0,15.0,1.0,3.0,2.0,3.0,0.0,0.0
D1,2024-05-18,14:30,Union Berlin,Freiburg,2,1,H,0.0,0.0,D,14.0,11.0,5.0,5.0,14.0,9.0,3.0,7.0,7.0,4.0,0.0,0.0
D1,2024-05-18,14:30,Stuttgart,M'gladbach,4,0,H,2.0,0.0,H,21.0,13.0,11.0,5.0,4.0,9.0,8.0,4.0,1.0,2.0,0.0,0.0
D1,2024-05-18,14:30,Leverkusen,Augsburg,2,1,H,2.0,0.0,H,19.0,8.0,8.0,2.0,6.0,7.0,5.0,4.0,0.0,1.0,0.0,0.0
D1,2024-05-18,14:30,Hoffenheim,Bayern Munich,4,2,H,1.0,2.0,A,17.0,12.0,9.0,4.0,7.0,9.0,6.0,5.0,3.0,1.0,0.0,0.0
D1,2024-05-18,14:30,Heidenheim,FC Koln,4,1,H,3.0,0.0,H,13.0,19.0,7.0,9.0,9.0,20.0,5.0,12.0,1.0,3.0,0.0,0.0
D1,2024-05-18,14:30,Ein Frankfurt,RB Leipzig,2,2,D,0.0,1.0,A,19.0,9.0,6.0,5.0,10.0,11.0,8.0,3.0,2.0,2.0,0.0,0.0
D1,2024-05-18,14:30,Dortmund,Darmstadt,4,0,H,2.0,0.0,H,21.0,7.0,10.0,1.0,4.0,10.0,7.0,3.0,0.0,3.0,0.0,0.0
D1,2024-08-23,19:30,M'gladbach,Leverkusen,2,3,A,0.0,2.0,A,14.0,25.0,7.0,9.0,11.0,7.0,2.0,4.0,1.0,0.0,0.0,0.0
D1,2024-08-24,17:30,Dortmund,Ein Frankfurt,2,0,H,0.0,0.0,D,17.0,7.0,5.0,2.0,6.0,3.0,7.0,7.0,0.0,1.0,0.0,0.0
D1,2024-08-24,14:30,Mainz,Union Berlin,1,1,D,0.0,0.0,D,15.0,15.0,3.0,4.0,9.0,15.0,8.0,9.0,1.0,3.0,0.0,0.0
D1,2024-08-24,14:30,Hoffenheim,Holstein Kiel,3,2,H,2.0,0.0,H,20.0,15.0,8.0,6.0,8.0,14.0,8.0,6.0,2.0,3.0,0.0,1.0
D1,2024-08-24,14:30,RB Leipzig,Bochum,1,0,H,0.0,0.0,D,12.0,10.0,3.0,4.0,9.0,17.0,9.0,3.0,1.0,3.0,1.0,0.0
D1,2024-08-24,14:30,Augsburg,Werder Bremen,2,2,D,2.0,1.0,H,10.0,12.0,3.0,6.0,11.0,10.0,4.0,2.0,3.0,1.0,0.0,0.0
D1,2024-08-24,14:30,Freiburg,Stuttgart,3,1,H,1.0,1.0,D,15.0,9.0,4.0,2.0,7.0,10.0,6.0,3.0,2.0,1.0,0.0,0.0
D1,2024-08-25,14:30,Wolfsburg,Bayern Munich,2,3,A,0.0,1.0,A,11.0,14.0,2.0,8.0,13.0,11.0,1.0,7.0,2.0,3.0,0.0,0.0
D1,2024-08-25,16:30,St Pauli,Heidenheim,0,2,A,0.0,0.0,D,11.0,6.0,3.0,3.0,10.0,15.0,4.0,2.0,2.0,3.0,0.0,0.0
D1,2024-08-30,19:30,Union Berlin,St Pauli,1,0,H,1.0,0.0,H,10.0,8.0,5.0,2.0,10.0,11.0,5.0,4.0,3.0,1.0,0.0,0.0
D1,2024-08-31,14:30,Bochum,M'gladbach,0,2,A,0.0,0.0,D,16.0,15.0,4.0,6.0,9.0,10.0,3.0,4.0,1.0,0.0,0.0,0.0
D1,2024-08-31,14:30,Ein Frankfurt,Hoffenheim,3,1,H,2.0,0.0,H,17.0,10.0,7.0,3.0,10.0,10.0,1.0,4.0,0.0,3.0,0.0,0.0
D1,2024-08-31,14:30,Holstein Kiel,Wolfsburg,0,2,A,0.0,2.0,A,12.0,12.0,5.0,4.0,17.0,14.0,1.0,7.0,4.0,7.0,0.0,0.0
D1,2024-08-31,14:30,Stuttgart,Mainz,3,3,D,2.0,1.0,H,28.0,9.0,13.0,7.0,6.0,12.0,11.0,2.0,4.0,2.0,0.0,0.0
D1,2024-08-31,14:30,Werder Bremen,Dortmund,0,0,D,0.0,0.0,D,5.0,9.0,1.0,4.0,11.0,16.0,5.0,6.0,2.0,7.0,0.0,1.0
D1,2024-08-31,17:30,Leverkusen,RB Leipzig,2,3,A,2.0,1.0,H,27.0,10.0,10.0,4.0,7.0,8.0,18.0,2.0,3.0,1.0,0.0,0.0
D1,2024-09-01,14:30,Heidenheim,Augsburg,4,0,H,2.0,0.0,H,17.0,15.0,9.0,1.0,15.0,11.0,5.0,6.0,0.0,3.0,0.0,0.0
D1,2024-09-01,16:30,Bayern Munich,Freiburg,2,0,H,1.0,0.0,H,11.0,8.0,4.0,4.0,13.0,12.0,2.0,4.0,1.0,0.0,0.0,0.0
D1,2024-09-13,19:30,Dortmund,Heidenheim,4,2,H,3.0,1.0,H,13.0,11.0,7.0,4.0,13.0,18.0,8.0,1.0,2.0,2.0,0.0,0.0
D1,2024-09-14,17:30,Holstein Kiel,Bayern Munich,1,6,A,0.0,4.0,A,5.0,23.0,1.0,13.0,12.0,11.0,2.0,10.0,0.0,1.0,0.0,0.0
D1,2024-09-14,14:30,Wolfsburg,Ein Frankfurt,1,2,A,0.0,1.0,A,17.0,15.0,4.0,7.0,7.0,18.0,5.0,4.0,1.0,2.0,0.0,0.0
D1,2024-09-14,14:30,Hoffenheim,Leverkusen,1,4,A,1.0,2.0,A,14.0,20.0,5.0,8.0,9.0,10.0,4.0,12.0,2.0,2.0,0.0,0.0
D1,2024-09-14,14:30,Freiburg,Bochum,2,1,H,0.0,1.0,A,27.0,13.0,9.0,2.0,5.0,16.0,5.0,6.0,0.0,3.0,0.0,0.0
D1,2024-09-14,14:30,M'gladbach,Stuttgart,1,3,A,1.0,1.0,D,15.0,12.0,7.0,7.0,14.0,12.0,6.0,2.0,2.0,2.0,0.0,0.0
D1,2024-09-14,14:30,RB Leipzig,Union Berlin,0,0,D,0.0,0.0,D,16.0,11.0,3.0,3.0,9.0,19.0,6.0,5.0,2.0,3.0,0.0,0.0
D1,2024-09-15,14:30,Augsburg,St Pauli,3,1,H,0.0,0.0,D,18.0,12.0,10.0,3.0,12.0,10.0,7.0,7.0,4.0,3.0,0.0,0.0
D1,2024-09-15,16:30,Mainz,Werder Bremen,1,2,A,1.0,1.0,D,11.0,11.0,5.0,5.0,12.0,7.0,10.0,4.0,3.0,1.0,0.0,1.0
D1,2024-09-20,19:30,Augsburg,Mainz,2,3,A,1.0,2.0,A,30.0,5.0,9.0,3.0,7.0,12.0,14.0,1.0,3.0,5.0,1.0,1.0
D1,2024-09-21,14:30,Bochum,Holstein Kiel,2,2,D,2.0,1.0,H,14.0,13.0,3.0,4.0,20.0,9.0,2.0,5.0,4.0,1.0,0.0,0.0
D1,2024-09-21,14:30,Heidenheim,Freiburg,0,3,A,0.0,0.0,D,7.0,14.0,2.0,5.0,6.0,7.0,3.0,9.0,1.0,1.0,0.0,0.0
D1,2024-09-21,14:30,Union Berlin,Hoffenheim,2,1,H,2.0,0.0,H,12.0,6.0,2.0,3.0,17.0,18.0,5.0,5.0,3.0,3.0,0.0,0.0
D1,2024-09-21,14:30,Werder Bremen,Bayern Munich,0,5,A,0.0,2.0,A,0.0,25.0,0.0,7.0,4.0,13.0,1.0,4.0,0.0,3.0,0.0,0.0
D1,2024-09-21,17:30,Ein Frankfurt,M'gladbach,2,0,H,1.0,0.0,H,14.0,22.0,4.0,7.0,10.0,12.0,8.0,5.0,1.0,1.0,0.0,0.0
D1,2024-09-22,14:30,Leverkusen,Wolfsburg,4,3,H,2.0,3.0,A,20.0,8.0,7.0,4.0,6.0,14.0,6.0,2.0,4.0,5.0,0.0,1.0
D1,2024-09-22,16:30,Stuttgart,Dortmund,5,1,H,2.0,0.0,H,16.0,6.0,9.0,3.0,10.0,6.0,6.0,4.0,1.0,3.0,0.0,0.0
D1,2024-09-22,18:30,St Pauli,RB Leipzig,0,0,D,0.0,0.0,D,15.0,10.0,4.0,5.0,6.0,9.0,3.0,1.0,2.0,1.0,0.0,0.0
D1,2024-09-27,19:30,Dortmund,Bochum,4,2,H,1.0,2.0,A,23.0,10.0,8.0,6.0,12.0,9.0,11.0,0.0,2.0,0.0,0.0,0.0
D1,2024-09-28,14:30,M'gladbach,Union Berlin,1,0,H,0.0,0.0,D,8.0,9.0,3.0,3.0,10.0,12.0,2.0,4.0,3.0,1.0,0.0,0.0
D1,2024-09-28,14:30,RB Leipzig,Augsburg,4,0,H,2.0,0.0,H,14.0,7.0,7.0,1.0,9.0,13.0,8.0,5.0,1.0,2.0,0.0,0.0
D1,2024-09-28,14:30,Wolfsburg,Stuttgart,2,2,D,1.0,1.0,D,5.0,17.0,2.0,5.0,20.0,10.0,1.0,3.0,5.0,2.0,0.0,1.0
D1,2024-09-28,17:30,Bayern Munich,Leverkusen,1,1,D,1.0,1.0,D,18.0,3.0,3.0,3.0,11.0,15.0,6.0,1.0,1.0,3.0,0.0,0.0
D1,2024-09-28,14:30,Freiburg,St Pauli,0,3,A,0.0,2.0,A,6.0,10.0,2.0,4.0,7.0,18.0,4.0,2.0,3.0,3.0,0.0,0.0
D1,2024-09-28,14:30,Mainz,Heidenheim,0,2,A,0.0,1.0,A,7.0,14.0,2.0,7.0,10.0,10.0,7.0,6.0,4.0,4.0,1.0,1.0
D1,2024-09-29,14:30,Holstein Kiel,Ein Frankfurt,2,4,A,1.0,1.0,D,10.0,18.0,5.0,10.0,12.0,13.0,4.0,9.0,1.0,3.0,0.0,0.0
D1,2024-09-29,16:30,Hoffenheim,Werder Bremen,3,4,A,3.0,3.0,D,10.0,18.0,5.0,10.0,12.0,19.0,2.0,6.0,3.0,3.0,1.0,0.0
D1,2024-10-04,19:30,Augsburg,M'gladbach,2,1,H,1.0,0.0,H,13.0,11.0,5.0,5.0,13.0,15.0,6.0,5.0,2.0,4.0,0.0,0.0
D1,2024-10-05,14:30,Bochum,Wolfsburg,1,3,A,0.0,2.0,A,17.0,15.0,5.0,5.0,11.0,12.0,7.0,6.0,1.0,2.0,0.0,0.0
D1,2024-10-05,14:30,Leverkusen,Holstein Kiel,2,2,D,2.0,1.0,H,24.0,8.0,7.0,4.0,5.0,9.0,12.0,3.0,2.0,2.0,0.0,0.0
D1,2024-10-05,14:30,Union Berlin,Dortmund,2,1,H,2.0,0.0,H,13.0,9.0,5.0,5.0,15.0,17.0,3.0,3.0,4.0,4.0,0.0,0.0
D1,2024-10-05,14:30,Werder Bremen,Freiburg,0,1,A,0.0,0.0,D,11.0,13.0,3.0,3.0,7.0,9.0,7.0,5.0,1.0,2.0,0.0,0.0
D1,2024-10-05,17:30,St Pauli,Mainz,0,3,A,0.0,2.0,A,17.0,8.0,4.0,4.0,12.0,16.0,2.0,2.0,0.0,3.0,0.0,0.0
D1,2024-10-06,16:30,Ein Frankfurt,Bayern Munich,3,3,D,2.0,2.0,D,5.0,22.0,4.0,13.0,10.0,6.0,0.0,11.0,1.0,1.0,0.0,0.0
D1,2024-10-06,14:30,Heidenheim,RB Leipzig,0,1,A,0.0,0.0,D,15.0,12.0,4.0,2.0,12.0,13.0,3.0,2.0,2.0,2.0,0.0,0.0
D1,2024-10-06,18:30,Stuttgart,Hoffenheim,1,1,D,0.0,1.0,A,18.0,7.0,7.0,5.0,10.0,7.0,10.0,5.0,1.0,4.0,0.0,0.0
D1,2024-10-18,19:30,Dortmund,St Pauli,2,1,H,1.0,0.0,H,20.0,10.0,7.0,3.0,8.0,7.0,7.0,1.0,2.0,1.0,0.0,0.0
D1,2024-10-19,14:30,Freiburg,Augsburg,3,1,H,3.0,0.0,H,15.0,9.0,6.0,3.0,11.0,7.0,5.0,4.0,1.0,1.0,0.0,0.0
D1,2024-10-19,14:30,Hoffenheim,Bochum,3,1,H,1.0,0.0,H,12.0,13.0,7.0,4.0,10.0,12.0,4.0,2.0,1.0,1.0,0.0,0.0
D1,2024-10-19,14:30,Leverkusen,Ein Frankfurt,2,1,H,1.0,1.0,D,27.0,9.0,9.0,2.0,9.0,5.0,8.0,3.0,2.0,1.0,0.0,0.0
D1,2024-10-19,14:30,Mainz,RB Leipzig,0,2,A,0.0,2.0,A,16.0,11.0,2.0,5.0,12.0,15.0,5.0,3.0,1.0,3.0,0.0,0.0
D1,2024-10-19,14:30,M'gladbach,Heidenheim,3,2,H,1.0,1.0,D,20.0,19.0,10.0,6.0,15.0,9.0,6.0,3.0,3.0,3.0,0.0,0.0
D1,2024-10-19,17:30,Bayern Munich,Stuttgart,4,0,H,0.0,0.0,D,22.0,4.0,10.0,1.0,6.0,10.0,7.0,3.0,0.0,2.0,0.0,0.0
D1,2024-10-20,14:30,Holstein Kiel,Union Berlin,0,2,A,0.0,1.0,A,12.0,14.0,5.0,4.0,8.0,11.0,7.0,3.0,2.0,1.0,0.0,0.0
D1,2024-10-20,16:30,Wolfsburg,Werder Bremen,2,4,A,1.0,1.0,D,14.0,15.0,6.0,7.0,15.0,9.0,4.0,4.0,1.0,1.0,1.0,0.0
D1,2024-10-25,19:30,Mainz,M'gladbach,1,1,D,0.0,0.0,D,23.0,9.0,6.0,5.0,16.0,16.0,2.0,4.0,3.0,2.0,0.0,0.0
D1,2024-10-26,14:30,Stuttgart,Holstein Kiel,2,1,H,1.0,0.0,H,16.0,9.0,6.0,3.0,6.0,17.0,9.0,5.0,3.0,6.0,1.0,1.0
D1,2024-10-26,17:30,Werder Bremen,Leverkusen,2,2,D,0.0,1.0,A,13.0,15.0,8.0,6.0,9.0,11.0,3.0,5.0,1.0,1.0,0.0,0.0
D1,2024-10-26,14:30,St Pauli,Wolfsburg,0,0,D,0.0,0.0,D,14.0,10.0,5.0,4.0,9.0,12.0,7.0,6.0,0.0,3.0,0.0,0.0
D1,2024-10-26,14:30,Augsburg,Dortmund,2,1,H,1.0,1.0,D,12.0,11.0,4.0,4.0,13.0,10.0,3.0,5.0,3.0,3.0,0.0,1.0
D1,2024-10-26,14:30,RB Leipzig,Freiburg,3,1,H,0.0,1.0,A,12.0,15.0,9.0,5.0,9.0,7.0,3.0,3.0,3.0,2.0,0.0,0.0
D1,2024-10-27,14:30,Bochum,Bayern Munich,0,5,A,0.0,2.0,A,6.0,17.0,2.0,9.0,15.0,6.0,2.0,5.0,1.0,1.0,0.0,0.0
D1,2024-10-27,16:30,Union Berlin,Ein Frankfurt,1,1,D,0.0,1.0,A,13.0,17.0,4.0,5.0,13.0,7.0,4.0,5.0,5.0,3.0,0.0,1.0
D1,2024-10-27,18:30,Heidenheim,Hoffenheim,0,0,D,0.0,0.0,D,17.0,12.0,3.0,4.0,12.0,16.0,7.0,3.0,1.0,2.0,0.0,0.0
D1,2024-11-01,19:30,Leverkusen,Stuttgart,0,0,D,0.0,0.0,D,19.0,4.0,5.0,1.0,13.0,14.0,10.0,2.0,3.0,4.0,0.0,0.0
D1,2024-11-02,17:30,Dortmund,RB Leipzig,2,1,H,1.0,1.0,D,19.0,7.0,7.0,3.0,11.0,12.0,4.0,0.0,3.0,4.0,0.0,0.0
D1,2024-11-02,14:30,Wolfsburg,Augsburg,1,1,D,0.0,1.0,A,18.0,3.0,6.0,1.0,7.0,14.0,8.0,1.0,1.0,3.0,0.0,0.0
D1,2024-11-02,14:30,Ein Frankfurt,Bochum,7,2,H,4.0,1.0,H,18.0,11.0,9.0,8.0,6.0,15.0,5.0,2.0,1.0,2.0,0.0,0.0
D1,2024-11-02,14:30,Hoffenheim,St Pauli,0,2,A,0.0,1.0,A,12.0,7.0,6.0,3.0,10.0,10.0,7.0,2.0,0.0,2.0,0.0,0.0
D1,2024-11-02,14:30,Bayern Munich,Union Berlin,3,0,H,2.0,0.0,H,16.0,8.0,7.0,1.0,2.0,9.0,7.0,4.0,0.0,2.0,0.0,0.0
D1,2024-11-02,14:30,Holstein Kiel,Heidenheim,1,0,H,1.0,0.0,H,11.0,17.0,6.0,4.0,16.0,14.0,5.0,6.0,4.0,5.0,0.0,0.0
D1,2024-11-03,14:30,Freiburg,Mainz,0,0,D,0.0,0.0,D,10.0,9.0,2.0,2.0,9.0,12.0,8.0,4.0,1.0,2.0,0.0,0.0
D1,2024-11-03,16:30,M'gladbach,Werder Bremen,4,1,H,3.0,0.0,H,16.0,15.0,8.0,5.0,12.0,10.0,7.0,7.0,1.0,4.0,0.0,1.0
D1,2024-11-08,19:30,Union Berlin,Freiburg,0,0,D,0.0,0.0,D,12.0,14.0,6.0,4.0,11.0,8.0,4.0,1.0,2.0,0.0,0.0,0.0
D1,2024-11-09,17:30,RB Leipzig,M'gladbach,0,0,D,0.0,0.0,D,11.0,14.0,4.0,4.0,14.0,7.0,8.0,4.0,2.0,2.0,0.0,0.0
D1,2024-11-09,14:30,Werder Bremen,Holstein Kiel,2,1,H,1.0,0.0,H,16.0,12.0,5.0,5.0,10.0,19.0,6.0,3.0,3.0,2.0,0.0,0.0
D1,2024-11-09,14:30,Mainz,Dortmund,3,1,H,2.0,1.0,H,13.0,2.0,9.0,1.0,17.0,5.0,8.0,0.0,3.0,1.0,0.0,1.0
D1,2024-11-09,14:30,Bochum,Leverkusen,1,1,D,0.0,1.0,A,15.0,11.0,3.0,3.0,10.0,9.0,6.0,4.0,0.0,1.0,0.0,0.0
D1,2024-11-09,14:30,St Pauli,Bayern Munich,0,1,A,0.0,1.0,A,3.0,13.0,0.0,6.0,10.0,7.0,5.0,10.0,2.0,2.0,0.0,0.0
D1,2024-11-10,14:30,Augsburg,Hoffenheim,0,0,D,0.0,0.0,D,16.0,11.0,4.0,2.0,16.0,7.0,10.0,6.0,2.0,3.0,0.0,0.0
D1,2024-11-10,16:30,Stuttgart,Ein Frankfurt,2,3,A,0.0,1.0,A,22.0,8.0,11.0,5.0,10.0,15.0,8.0,3.0,2.0,3.0,0.0,0.0
D1,2024-11-10,18:30,Heidenheim,Wolfsburg,1,3,A,0.0,2.0,A,19.0,13.0,4.0,6.0,9.0,23.0,5.0,5.0,1.0,6.0,0.0,0.0
D1,2024-11-22,19:30,Bayern Munich,Augsburg,3,0,H,0.0,0.0,D,33.0,2.0,14.0,1.0,9.0,9.0,8.0,0.0,0.0,2.0,0.0,1.0
D1,2024-11-23,17:30,Ein Frankfurt,Werder Bremen,1,0,H,1.0,0.0,H,15.0,8.0,5.0,1.0,15.0,9.0,5.0,6.0,2.0,2.0,0.0,0.0
D1,2024-11-23,14:30,Wolfsburg,Union Berlin,1,0,H,0.0,0.0,D,10.0,11.0,5.0,4.0,7.0,15.0,8.0,5.0,1.0,2.0,0.0,0.0
D1,2024-11-23,14:30,Stuttgart,Bochum,2,0,H,0.0,0.0,D,15.0,9.0,5.0,2.0,7.0,16.0,7.0,4.0,2.0,3.0,0.0,0.0
D1,2024-11-23,14:30,Hoffenheim,RB Leipzig,4,3,H,1.0,2.0,A,20.0,14.0,7.0,6.0,14.0,12.0,4.0,3.0,2.0,1.0,0.0,0.0
D1,2024-11-23,14:30,Dortmund,Freiburg,4,0,H,2.0,0.0,H,19.0,7.0,7.0,3.0,11.0,4.0,7.0,0.0,1.0,2.0,0.0,2.0
D1,2024-11-23,14:30,Leverkusen,Heidenheim,5,2,H,2.0,2.0,D,20.0,6.0,10.0,3.0,8.0,11.0,6.0,0.0,0.0,0.0,0.0,0.0
D1,2024-11-24,14:30,Holstein Kiel,Mainz,0,3,A,0.0,2.0,A,7.0,18.0,2.0,7.0,11.0,7.0,2.0,6.0,1.0,0.0,0.0,0.0
D1,2024-11-24,16:30,M'gladbach,St Pauli,2,0,H,2.0,0.0,H,15.0,15.0,4.0,3.0,7.0,8.0,5.0,4.0,1.0,0.0,0.0,0.0
D1,2024-11-29,19:30,St Pauli,Holstein Kiel,3,1,H,1.0,0.0,H,11.0,10.0,4.0,3.0,10.0,11.0,4.0,4.0,2.0,5.0,0.0,0.0
D1,2024-11-30,14:30,Werder Bremen,Stuttgart,2,2,D,1.0,1.0,D,20.0,10.0,6.0,4.0,8.0,13.0,11.0,2.0,1.0,1.0,0.0,0.0
D1,2024-11-30,17:30,Dortmund,Bayern Munich,1,1,D,1.0,0.0,H,7.0,14.0,2.0,5.0,11.0,7.0,2.0,3.0,2.0,2.0,0.0,0.0
D1,2024-11-30,14:30,RB Leipzig,Wolfsburg,1,5,A,0.0,3.0,A,9.0,13.0,4.0,8.0,11.0,6.0,7.0,3.0,2.0,1.0,0.0,0.0
D1,2024-11-30,14:30,Union Berlin,Leverkusen,1,2,A,1.0,1.0,D,8.0,8.0,2.0,3.0,18.0,11.0,1.0,3.0,4.0,2.0,0.0,0.0
D1,2024-11-30,14:30,Augsburg,Bochum,1,0,H,1.0,0.0,H,16.0,7.0,4.0,1.0,8.0,22.0,6.0,1.0,3.0,3.0,0.0,0.0
D1,2024-11-30,14:30,Freiburg,M'gladbach,3,1,H,1.0,0.0,H,17.0,15.0,7.0,4.0,5.0,14.0,4.0,6.0,1.0,1.0,0.0,0.0
D1,2024-12-01,16:30,Heidenheim,Ein Frankfurt,0,4,A,0.0,1.0,A,8.0,14.0,1.0,8.0,7.0,9.0,6.0,5.0,0.0,2.0,0.0,0.0
D1,2024-12-01,14:30,Mainz,Hoffenheim,2,0,H,2.0,0.0,H,18.0,10.0,8.0,2.0,13.0,12.0,8.0,3.0,1.0,3.0,0.0,0.0
D1,2024-12-06,19:30,Stuttgart,Union Berlin,3,2,H,0.0,1.0,A,7.0,14.0,5.0,3.0,14.0,19.0,1.0,6.0,1.0,6.0,0.0,0.0
D1,2024-12-07,14:30,Leverkusen,St Pauli,2,1,H,2.0,0.0,H,6.0,12.0,2.0,4.0,8.0,10.0,7.0,4.0,1.0,3.0,0.0,0.0
D1,2024-12-07,17:30,M'gladbach,Dortmund,1,1,D,0.0,0.0,D,9.0,16.0,3.0,3.0,16.0,11.0,7.0,4.0,3.0,2.0,1.0,0.0
D1,2024-12-07,14:30,Ein Frankfurt,Augsburg,2,2,D,0.0,0.0,D,16.0,8.0,4.0,3.0,17.0,9.0,4.0,0.0,2.0,2.0,0.0,0.0
D1,2024-12-07,14:30,Bochum,Werder Bremen,0,1,A,0.0,0.0,D,12.0,9.0,2.0,1.0,12.0,10.0,9.0,5.0,1.0,1.0,0.0,0.0
D1,2024-12-07,14:30,Bayern Munich,Heidenheim,4,2,H,1.0,0.0,H,21.0,2.0,10.0,2.0,4.0,5.0,8.0,0.0,1.0,0.0,0.0,0.0
D1,2024-12-07,14:30,Holstein Kiel,RB Leipzig,0,2,A,0.0,1.0,A,17.0,9.0,5.0,5.0,11.0,13.0,6.0,1.0,4.0,3.0,0.0,0.0
D1,2024-12-08,16:30,Hoffenheim,Freiburg,1,1,D,0.0,0.0,D,15.0,11.0,5.0,4.0,10.0,5.0,6.0,1.0,1.0,1.0,0.0,0.0
D1,2024-12-08,14:30,Wolfsburg,Mainz,4,3,H,1.0,2.0,A,10.0,12.0,5.0,5.0,10.0,15.0,3.0,5.0,3.0,4.0,0.0,0.0
D1,2024-12-13,19:30,Freiburg,Wolfsburg,3,2,H,1.0,0.0,H,18.0,20.0,9.0,5.0,11.0,3.0,5.0,6.0,4.0,1.0,0.0,0.0
D1,2024-12-14,14:30,Augsburg,Leverkusen,0,2,A,0.0,2.0,A,8.0,14.0,4.0,3.0,12.0,5.0,4.0,9.0,3.0,0.0,0.0,0.0
D1,2024-12-14,14:30,Mainz,Bayern Munich,2,1,H,1.0,0.0,H,8.0,13.0,4.0,1.0,21.0,12.0,3.0,2.0,3.0,2.0,0.0,0.0
D1,2024-12-14,14:30,M'gladbach,Holstein Kiel,4,1,H,3.0,1.0,H,15.0,11.0,6.0,3.0,10.0,14.0,5.0,2.0,1.0,1.0,0.0,0.0
D1,2024-12-14,14:30,Union Berlin,Bochum,0,2,A,,,,,,,,,,,,,,,
D1,2024-12-14,17:30,St Pauli,Werder Bremen,0,2,A,0.0,1.0,A,15.0,8.0,4.0,4.0,10.0,9.0,4.0,5.0,2.0,3.0,0.0,0.0
D1,2024-12-15,14:30,Heidenheim,Stuttgart,1,3,A,1.0,2.0,A,9.0,18.0,2.0,7.0,25.0,13.0,9.0,6.0,4.0,3.0,0.0,0.0
D1,2024-12-15,16:30,Dortmund,Hoffenheim,1,1,D,0.0,0.0,D,6.0,12.0,2.0,1.0,9.0,10.0,3.0,9.0,5.0,2.0,0.0,0.0
D1,2024-12-15,18:30,RB Leipzig,Ein Frankfurt,2,1,H,1.0,1.0,D,19.0,16.0,9.0,3.0,15.0,10.0,6.0,7.0,1.0,3.0,0.0,0.0
D1,2024-12-20,19:30,Bayern Munich,RB Leipzig,5,1,H,3.0,1.0,H,22.0,4.0,9.0,1.0,9.0,10.0,8.0,1.0,5.0,2.0,0.0,0.0
D1,2024-12-21,14:30,Ein Frankfurt,Mainz,1,3,A,0.0,2.0,A,34.0,9.0,9.0,3.0,10.0,10.0,17.0,2.0,1.0,1.0,0.0,1.0
D1,2024-12-21,14:30,Hoffenheim,M'gladbach,1,2,A,0.0,1.0,A,18.0,5.0,8.0,3.0,14.0,6.0,8.0,4.0,0.0,0.0,0.0,0.0
D1,2024-12-21,14:30,Holstein Kiel,Augsburg,5,1,H,4.0,1.0,H,8.0,17.0,6.0,4.0,11.0,13.0,3.0,8.0,0.0,4.0,0.0,0.0
D1,2024-12-21,14:30,Stuttgart,St Pauli,0,1,A,0.0,1.0,A,25.0,11.0,5.0,5.0,10.0,11.0,9.0,1.0,2.0,2.0,0.0,0.0
D1,2024-12-21,14:30,Werder Bremen,Union Berlin,4,1,H,3.0,1.0,H,11.0,16.0,6.0,4.0,9.0,12.0,4.0,9.0,2.0,2.0,0.0,0.0
D1,2024-12-21,17:30,Leverkusen,Freiburg,5,1,H,1.0,0.0,H,20.0,8.0,12.0,2.0,8.0,9.0,4.0,2.0,1.0,2.0,0.0,0.0
D1,2024-12-22,16:30,Wolfsburg,Dortmund,1,3,A,0.0,3.0,A,14.0,12.0,5.0,4.0,8.0,8.0,10.0,4.0,3.0,2.0,0.0,1.0
D1,2024-12-22,14:30,Bochum,Heidenheim,2,0,H,2.0,0.0,H,14.0,10.0,4.0,2.0,18.0,15.0,5.0,2.0,2.0,7.0,0.0,0.0
D1,2025-01-10,19:30,Dortmund,Leverkusen,2,3,A,1.0,3.0,A,12.0,7.0,5.0,5.0,8.0,6.0,6.0,1.0,1.0,2.0,0.0,0.0
D1,2025-01-11,14:30,Freiburg,Holstein Kiel,3,2,H,2.0,0.0,H,14.0,14.0,5.0,7.0,9.0,12.0,7.0,1.0,2.0,3.0,0.0,0.0
D1,2025-01-11,14:30,Heidenheim,Union Berlin,2,0,H,1.0,0.0,H,16.0,10.0,9.0,6.0,8.0,10.0,5.0,4.0,0.0,1.0,0.0,1.0
D1,2025-01-11,14:30,Hoffenheim,Wolfsburg,0,1,A,0.0,1.0,A,15.0,12.0,2.0,3.0,15.0,14.0,4.0,8.0,1.0,2.0,0.0,0.0
D1,2025-01-11,14:30,Mainz,Bochum,2,0,H,1.0,0.0,H,10.0,11.0,5.0,2.0,6.0,16.0,5.0,6.0,0.0,2.0,0.0,0.0
D1,2025-01-11,14:30,St Pauli,Ein Frankfurt,0,1,A,0.0,1.0,A,18.0,14.0,4.0,6.0,8.0,7.0,3.0,3.0,0.0,3.0,0.0,0.0
D1,2025-01-11,17:30,M'gladbach,Bayern Munich,0,1,A,0.0,0.0,D,5.0,23.0,0.0,10.0,10.0,7.0,4.0,10.0,3.0,1.0,0.0,0.0
D1,2025-01-12,14:30,RB Leipzig,Werder Bremen,4,2,H,2.0,1.0,H,18.0,7.0,7.0,2.0,7.0,12.0,4.0,1.0,1.0,1.0,0.0,0.0
D1,2025-01-12,16:30,Augsburg,Stuttgart,0,1,A,0.0,0.0,D,8.0,13.0,2.0,5.0,11.0,14.0,3.0,9.0,5.0,1.0,0.0,0.0
D1,2025-01-14,17:30,Holstein Kiel,Dortmund,4,2,H,3.0,0.0,H,11.0,16.0,7.0,4.0,13.0,11.0,1.0,9.0,2.0,2.0,1.0,0.0
D1,2025-01-14,19:30,Ein Frankfurt,Freiburg,4,1,H,1.0,1.0,D,23.0,7.0,8.0,5.0,8.0,11.0,8.0,1.0,1.0,1.0,0.0,0.0
D1,2025-01-14,19:30,Leverkusen,Mainz,1,0,H,0.0,0.0,D,20.0,7.0,9.0,4.0,4.0,14.0,8.0,4.0,2.0,3.0,0.0,0.0
D1,2025-01-14,19:30,Wolfsburg,M'gladbach,5,1,H,1.0,0.0,H,16.0,9.0,5.0,5.0,10.0,7.0,4.0,7.0,1.0,0.0,0.0,0.0
D1,2025-01-15,19:30,Werder Bremen,Heidenheim,3,3,D,1.0,1.0,D,12.0,14.0,5.0,5.0,10.0,15.0,4.0,2.0,5.0,3.0,0.0,0.0
D1,2025-01-15,19:30,Bayern Munich,Hoffenheim,5,0,H,3.0,0.0,H,25.0,5.0,10.0,2.0,8.0,10.0,13.0,1.0,1.0,1.0,0.0,0.0
D1,2025-01-15,19:30,Stuttgart,RB Leipzig,2,1,H,0.0,1.0,A,14.0,6.0,6.0,3.0,10.0,19.0,5.0,0.0,2.0,7.0,0.0,2.0
D1,2025-01-15,19:30,Union Berlin,Augsburg,0,2,A,0.0,2.0,A,13.0,11.0,2.0,5.0,15.0,9.0,7.0,4.0,1.0,2.0,0.0,0.0
D1,2025-01-15,17:30,Bochum,St Pauli,1,0,H,0.0,0.0,D,13.0,12.0,5.0,1.0,7.0,15.0,6.0,7.0,1.0,3.0,0.0,1.0
D1,2025-01-17,19:30,Ein Frankfurt,Dortmund,2,0,H,1.0,0.0,H,13.0,12.0,5.0,3.0,8.0,6.0,5.0,7.0,0.0,2.0,0.0,0.0
D1,2025-01-18,14:30,Bochum,RB Leipzig,3,3,D,0.0,3.0,A,14.0,11.0,3.0,3.0,14.0,7.0,6.0,3.0,4.0,0.0,0.0,0.0
D1,2025-01-18,14:30,Heidenheim,St Pauli,0,2,A,0.0,1.0,A,8.0,7.0,1.0,4.0,11.0,17.0,4.0,4.0,1.0,2.0,0.0,0.0
D1,2025-01-18,14:30,Holstein Kiel,Hoffenheim,1,3,A,0.0,2.0,A,12.0,11.0,3.0,6.0,13.0,14.0,4.0,3.0,2.0,1.0,0.0,0.0
D1,2025-01-18,14:30,Stuttgart,Freiburg,4,0,H,3.0,0.0,H,12.0,4.0,7.0,0.0,8.0,12.0,4.0,1.0,5.0,3.0,0.0,0.0
D1,2025-01-18,17:30,Leverkusen,M'gladbach,3,1,H,1.0,0.0,H,10.0,7.0,5.0,4.0,12.0,10.0,7.0,6.0,0.0,2.0,0.0,0.0
D1,2025-01-18,14:30,Bayern Munich,Wolfsburg,3,2,H,2.0,1.0,H,25.0,7.0,10.0,3.0,10.0,9.0,6.0,2.0,2.0,3.0,0.0,0.0
D1,2025-01-19,14:30,Union Berlin,Mainz,2,1,H,2.0,1.0,H,12.0,9.0,4.0,1.0,12.0,10.0,2.0,2.0,2.0,2.0,0.0,0.0
D1,2025-01-19,16:30,Werder Bremen,Augsburg,0,2,A,0.0,2.0,A,20.0,9.0,2.0,4.0,8.0,14.0,6.0,2.0,1.0,2.0,0.0,0.0
D1,2025-01-24,19:30,Wolfsburg,Holstein Kiel,2,2,D,0.0,1.0,A,22.0,5.0,5.0,2.0,9.0,10.0,10.0,3.0,2.0,4.0,0.0,0.0
D1,2025-01-25,14:30,Augsburg,Heidenheim,2,1,H,1.0,0.0,H,11.0,11.0,7.0,6.0,8.0,9.0,6.0,4.0,1.0,0.0,0.0,0.0
D1,2025-01-25,14:30,Dortmund,Werder Bremen,2,2,D,1.0,0.0,H,8.0,13.0,4.0,4.0,11.0,15.0,5.0,5.0,1.0,4.0,1.0,0.0
D1,2025-01-25,14:30,Freiburg,Bayern Munich,1,2,A,0.0,1.0,A,7.0,7.0,2.0,3.0,15.0,9.0,2.0,4.0,4.0,2.0,0.0,0.0
D1,2025-01-25,14:30,Mainz,Stuttgart,2,0,H,1.0,0.0,H,11.0,10.0,4.0,5.0,12.0,8.0,9.0,2.0,4.0,3.0,0.0,0.0
D1,2025-01-25,14:30,RB Leipzig,Leverkusen,2,2,D,1.0,2.0,A,8.0,13.0,4.0,7.0,12.0,6.0,7.0,3.0,0.0,0.0,0.0,0.0
D1,2025-01-25,17:30,M'gladbach,Bochum,3,0,H,1.0,0.0,H,16.0,10.0,6.0,4.0,6.0,15.0,8.0,7.0,1.0,3.0,0.0,0.0
D1,2025-01-26,14:30,Hoffenheim,Ein Frankfurt,2,2,D,0.0,1.0,A,24.0,12.0,8.0,7.0,16.0,8.0,9.0,3.0,3.0,0.0,0.0,0.0
D1,2025-01-26,16:30,St Pauli,Union Berlin,3,0,H,1.0,0.0,H,16.0,14.0,5.0,2.0,6.0,15.0,5.0,7.0,0.0,3.0,0.0,0.0
D1,2025-01-31,19:30,Werder Bremen,Mainz,1,0,H,1.0,0.0,H,12.0,13.0,5.0,2.0,14.0,13.0,3.0,8.0,8.0,4.0,3.0,0.0
D1,2025-02-01,14:30,Bayern Munich,Holstein Kiel,4,3,H,2.0,0.0,H,29.0,10.0,12.0,6.0,7.0,10.0,12.0,1.0,1.0,1.0,0.0,0.0
D1,2025-02-01,14:30,Bochum,Freiburg,0,1,A,0.0,1.0,A,22.0,13.0,4.0,5.0,15.0,10.0,9.0,7.0,3.0,2.0,0.0,0.0
D1,2025-02-01,14:30,Heidenheim,Dortmund,1,2,A,0.0,1.0,A,11.0,16.0,5.0,5.0,11.0,9.0,4.0,5.0,0.0,0.0,0.0,0.0
D1,2025-02-01,14:30,St Pauli,Augsburg,1,1,D,1.0,0.0,H,5.0,2.0,1.0,1.0,16.0,18.0,3.0,1.0,1.0,3.0,0.0,0.0
D1,2025-02-01,14:30,Stuttgart,M'gladbach,1,2,A,0.0,1.0,A,10.0,12.0,3.0,6.0,11.0,11.0,2.0,0.0,2.0,2.0,0.0,0.0
D1,2025-02-01,17:30,Union Berlin,RB Leipzig,0,0,D,0.0,0.0,D,21.0,6.0,6.0,2.0,5.0,12.0,4.0,5.0,3.0,2.0,0.0,0.0
D1,2025-02-02,14:30,Ein Frankfurt,Wolfsburg,1,1,D,0.0,0.0,D,16.0,11.0,4.0,2.0,8.0,8.0,9.0,1.0,1.0,3.0,0.0,0.0
D1,2025-02-02,16:30,Leverkusen,Hoffenheim,3,1,H,2.0,0.0,H,9.0,16.0,5.0,7.0,14.0,7.0,3.0,3.0,4.0,3.0,1.0,0.0
D1,2025-02-07,19:30,Bayern Munich,Werder Bremen,3,0,H,0.0,0.0,D,21.0,2.0,12.0,0.0,9.0,8.0,5.0,2.0,1.0,3.0,0.0,0.0
D1,2025-02-08,17:30,M'gladbach,Ein Frankfurt,1,1,D,1.0,1.0,D,8.0,15.0,3.0,7.0,10.0,9.0,6.0,1.0,3.0,3.0,0.0,0.0
D1,2025-02-08,14:30,Wolfsburg,Leverkusen,0,0,D,0.0,0.0,D,13.0,15.0,8.0,1.0,7.0,8.0,3.0,9.0,2.0,3.0,0.0,0.0
D1,2025-02-08,14:30,Freiburg,Heidenheim,1,0,H,1.0,0.0,H,9.0,11.0,3.0,5.0,11.0,8.0,6.0,3.0,3.0,1.0,0.0,0.0
D1,2025-02-08,14:30,Hoffenheim,Union Berlin,0,4,A,0.0,1.0,A,16.0,22.0,4.0,7.0,9.0,16.0,8.0,4.0,2.0,1.0,0.0,0.0
D1,2025-02-08,14:30,Mainz,Augsburg,0,0,D,0.0,0.0,D,9.0,9.0,5.0,2.0,12.0,9.0,1.0,3.0,3.0,3.0,0.0,0.0
D1,2025-02-08,14:30,Dortmund,Stuttgart,1,2,A,0.0,0.0,D,16.0,4.0,5.0,2.0,13.0,14.0,9.0,4.0,5.0,2.0,1.0,0.0
D1,2025-02-09,14:30,Holstein Kiel,Bochum,2,2,D,1.0,2.0,A,10.0,21.0,3.0,6.0,11.0,17.0,3.0,5.0,2.0,2.0,0.0,0.0
D1,2025-02-09,16:30,RB Leipzig,St Pauli,2,0,H,2.0,0.0,H,11.0,7.0,6.0,4.0,12.0,8.0,5.0,4.0,2.0,2.0,1.0,0.0
D1,2025-02-14,19:30,Augsburg,RB Leipzig,0,0,D,0.0,0.0,D,11.0,14.0,2.0,4.0,12.0,12.0,8.0,9.0,2.0,1.0,0.0,0.0
D1,2025-02-15,14:30,Bochum,Dortmund,2,0,H,2.0,0.0,H,18.0,17.0,9.0,2.0,12.0,4.0,2.0,8.0,1.0,0.0,0.0,0.0
D1,2025-02-15,14:30,St Pauli,Freiburg,0,1,A,0.0,0.0,D,5.0,6.0,1.0,4.0,10.0,10.0,2.0,6.0,1.0,0.0,0.0,0.0
D1,2025-02-15,14:30,Stuttgart,Wolfsburg,1,2,A,0.0,0.0,D,10.0,7.0,4.0,3.0,10.0,15.0,7.0,5.0,3.0,4.0,0.0,0.0
D1,2025-02-15,14:30,Union Berlin,M'gladbach,1,2,A,0.0,2.0,A,18.0,9.0,3.0,5.0,9.0,8.0,4.0,5.0,0.0,1.0,0.0,0.0
D1,2025-02-15,17:30,Leverkusen,Bayern Munich,0,0,D,0.0,0.0,D,15.0,2.0,3.0,0.0,16.0,13.0,6.0,0.0,2.0,3.0,0.0,0.0
D1,2025-02-16,14:30,Werder Bremen,Hoffenheim,1,3,A,1.0,2.0,A,14.0,16.0,1.0,7.0,14.0,12.0,6.0,4.0,2.0,3.0,0.0,0.0
D1,2025-02-16,16:30,Ein Frankfurt,Holstein Kiel,3,1,H,2.0,0.0,H,20.0,10.0,9.0,4.0,16.0,10.0,4.0,6.0,2.0,0.0,0.0,0.0
D1,2025-02-16,18:30,Heidenheim,Mainz,0,2,A,0.0,1.0,A,12.0,6.0,3.0,5.0,9.0,16.0,8.0,4.0,1.0,3.0,0.0,0.0
D1,2025-02-21,19:30,Freiburg,Werder Bremen,5,0,H,2.0,0.0,H,13.0,9.0,8.0,3.0,14.0,8.0,3.0,7.0,3.0,0.0,0.0,0.0
D1,2025-02-22,14:30,M'gladbach,Augsburg,0,3,A,0.0,0.0,D,8.0,17.0,5.0,4.0,10.0,9.0,2.0,4.0,3.0,2.0,1.0,0.0
D1,2025-02-22,14:30,Wolfsburg,Bochum,1,1,D,0.0,0.0,D,13.0,11.0,6.0,5.0,8.0,15.0,3.0,5.0,2.0,3.0,0.0,0.0
D1,2025-02-22,17:30,Dortmund,Union Berlin,6,0,H,2.0,0.0,H,24.0,6.0,8.0,1.0,10.0,11.0,5.0,3.0,2.0,2.0,0.0,0.0
D1,2025-02-22,14:30,Mainz,St Pauli,2,0,H,0.0,0.0,D,10.0,12.0,5.0,0.0,9.0,10.0,6.0,5.0,3.0,3.0,0.0,0.0
D1,2025-02-22,14:30,Holstein Kiel,Leverkusen,0,2,A,0.0,2.0,A,4.0,18.0,3.0,8.0,11.0,10.0,5.0,11.0,4.0,1.0,0.0,0.0
D1,2025-02-23,14:30,RB Leipzig,Heidenheim,2,2,D,1.0,2.0,A,17.0,4.0,6.0,2.0,15.0,15.0,7.0,4.0,3.0,3.0,0.0,0.0
D1,2025-02-23,16:30,Bayern Munich,Ein Frankfurt,4,0,H,1.0,0.0,H,19.0,7.0,12.0,2.0,8.0,7.0,4.0,1.0,1.0,1.0,0.0,0.0
D1,2025-02-23,18:30,Hoffenheim,Stuttgart,1,1,D,0.0,1.0,A,9.0,14.0,2.0,7.0,8.0,10.0,4.0,8.0,0.0,0.0,0.0,0.0
D1,2025-02-28,19:30,Stuttgart,Bayern Munich,1,3,A,1.0,1.0,D,12.0,17.0,3.0,8.0,12.0,13.0,4.0,6.0,5.0,3.0,0.0,0.0
D1,2025-03-01,17:30,Ein Frankfurt,Leverkusen,1,4,A,1.0,3.0,A,7.0,20.0,3.0,9.0,9.0,7.0,2.0,6.0,1.0,1.0,0.0,0.0
D1,2025-03-01,14:30,Werder Bremen,Wolfsburg,1,2,A,0.0,1.0,A,15.0,9.0,7.0,3.0,13.0,9.0,8.0,2.0,2.0,0.0,0.0,0.0
D1,2025-03-01,14:30,RB Leipzig,Mainz,1,2,A,1.0,0.0,H,13.0,15.0,4.0,3.0,8.0,15.0,7.0,1.0,1.0,1.0,0.0,0.0
D1,2025-03-01,14:30,Heidenheim,M'gladbach,0,3,A,0.0,2.0,A,20.0,13.0,5.0,5.0,9.0,15.0,6.0,2.0,2.0,3.0,0.0,0.0
D1,2025-03-01,14:30,Bochum,Hoffenheim,0,1,A,0.0,0.0,D,12.0,10.0,3.0,2.0,16.0,17.0,8.0,5.0,0.0,1.0,0.0,0.0
D1,2025-03-01,14:30,St Pauli,Dortmund,0,2,A,0.0,0.0,D,7.0,14.0,1.0,3.0,11.0,13.0,7.0,1.0,1.0,2.0,0.0,0.0
D1,2025-03-02,14:30,Union Berlin,Holstein Kiel,0,1,A,0.0,1.0,A,14.0,10.0,3.0,3.0,16.0,12.0,11.0,3.0,4.0,0.0,0.0,0.0
D1,2025-03-02,16:30,Augsburg,Freiburg,0,0,D,0.0,0.0,D,13.0,7.0,5.0,3.0,13.0,9.0,5.0,2.0,1.0,1.0,0.0,0.0
D1,2025-03-07,19:30,M'gladbach,Mainz,1,3,A,0.0,1.0,A,12.0,16.0,4.0,8.0,6.0,6.0,4.0,3.0,0.0,1.0,0.0,0.0
D1,2025-03-08,14:30,Holstein Kiel,Stuttgart,2,2,D,1.0,1.0,D,17.0,5.0,5.0,2.0,8.0,9.0,3.0,1.0,1.0,2.0,1.0,0.0
D1,2025-03-08,14:30,Dortmund,Augsburg,0,1,A,0.0,1.0,A,14.0,6.0,1.0,1.0,6.0,12.0,12.0,3.0,1.0,4.0,0.0,0.0
D1,2025-03-08,17:30,Freiburg,RB Leipzig,0,0,D,0.0,0.0,D,10.0,18.0,2.0,3.0,6.0,11.0,2.0,6.0,0.0,3.0,0.0,0.0
D1,2025-03-08,14:30,Bayern Munich,Bochum,2,3,A,2.0,1.0,H,14.0,8.0,5.0,5.0,7.0,14.0,9.0,3.0,0.0,6.0,1.0,0.0
D1,2025-03-08,14:30,Leverkusen,Werder Bremen,0,2,A,0.0,1.0,A,18.0,11.0,4.0,7.0,12.0,10.0,10.0,3.0,4.0,4.0,0.0,0.0
D1,2025-03-08,14:30,Wolfsburg,St Pauli,1,1,D,0.0,1.0,A,16.0,14.0,4.0,4.0,11.0,13.0,6.0,6.0,1.0,0.0,0.0,0.0
D1,2025-03-09,14:30,Ein Frankfurt,Union Berlin,1,2,A,1.0,0.0,H,14.0,11.0,3.0,3.0,10.0,8.0,1.0,5.0,3.0,0.0,0.0,0.0
D1,2025-03-09,16:30,Hoffenheim,Heidenheim,1,1,D,1.0,0.0,H,16.0,23.0,3.0,5.0,9.0,11.0,6.0,4.0,2.0,3.0,0.0,0.0
D1,2025-03-14,19:30,St Pauli,Hoffenheim,1,0,H,0.0,0.0,D,10.0,4.0,5.0,0.0,6.0,8.0,11.0,2.0,0.0,1.0,0.0,0.0
D1,2025-03-15,14:30,Augsburg,Wolfsburg,1,0,H,0.0,0.0,D,9.0,13.0,2.0,2.0,7.0,9.0,1.0,4.0,1.0,2.0,0.0,0.0
D1,2025-03-15,14:30,Mainz,Freiburg,2,2,D,1.0,0.0,H,9.0,24.0,4.0,8.0,7.0,7.0,1.0,4.0,1.0,2.0,1.0,0.0
D1,2025-03-15,14:30,Union Berlin,Bayern Munich,1,1,D,0.0,0.0,D,7.0,18.0,3.0,4.0,13.0,8.0,2.0,14.0,1.0,2.0,0.0,0.0
D1,2025-03-15,14:30,Werder Bremen,M'gladbach,2,4,A,2.0,2.0,D,23.0,13.0,2.0,7.0,10.0,7.0,4.0,1.0,1.0,2.0,0.0,1.0
D1,2025-03-15,17:30,RB Leipzig,Dortmund,2,0,H,1.0,0.0,H,15.0,25.0,5.0,9.0,14.0,10.0,3.0,12.0,3.0,3.0,0.0,0.0
D1,2025-03-16,16:30,Heidenheim,Holstein Kiel,3,1,H,1.0,0.0,H,14.0,16.0,5.0,4.0,15.0,13.0,3.0,5.0,1.0,3.0,0.0,0.0
D1,2025-03-16,14:30,Bochum,Ein Frankfurt,1,3,A,0.0,2.0,A,17.0,18.0,7.0,7.0,7.0,9.0,8.0,3.0,4.0,1.0,0.0,0.0
D1,2025-03-16,18:30,Stuttgart,Leverkusen,3,4,A,1.0,0.0,H,11.0,16.0,6.0,4.0,13.0,14.0,1.0,10.0,3.0,2.0,0.0,0.0
D1,2025-03-28,19:30,Leverkusen,Bochum,3,1,H,1.0,1.0,D,14.0,8.0,5.0,3.0,6.0,12.0,3.0,2.0,0.0,1.0,0.0,0.0
D1,2025-03-29,14:30,Bayern Munich,St Pauli,3,2,H,1.0,1.0,D,19.0,10.0,9.0,4.0,13.0,4.0,5.0,4.0,3.0,0.0,0.0,0.0
D1,2025-03-29,14:30,Hoffenheim,Augsburg,1,1,D,0.0,0.0,D,13.0,11.0,4.0,4.0,14.0,12.0,2.0,2.0,1.0,2.0,0.0,0.0
D1,2025-03-29,14:30,Holstein Kiel,Werder Bremen,0,3,A,0.0,1.0,A,11.0,14.0,0.0,7.0,13.0,8.0,3.0,4.0,4.0,1.0,0.0,0.0
D1,2025-03-29,14:30,M'gladbach,RB Leipzig,1,0,H,0.0,0.0,D,16.0,19.0,3.0,3.0,5.0,9.0,5.0,8.0,2.0,2.0,0.0,0.0
D1,2025-03-29,14:30,Wolfsburg,Heidenheim,0,1,A,0.0,1.0,A,11.0,11.0,2.0,4.0,8.0,10.0,4.0,5.0,2.0,4.0,0.0,0.0
D1,2025-03-29,17:30,Ein Frankfurt,Stuttgart,1,0,H,0.0,0.0,D,19.0,8.0,6.0,2.0,9.0,6.0,6.0,10.0,1.0,3.0,0.0,1.0
D1,2025-03-30,14:30,Freiburg,Union Berlin,1,2,A,1.0,1.0,D,9.0,10.0,3.0,6.0,8.0,11.0,3.0,3.0,3.0,4.0,0.0,0.0
D1,2025-03-30,16:30,Dortmund,Mainz,3,1,H,2.0,0.0,H,18.0,12.0,7.0,3.0,10.0,8.0,6.0,4.0,2.0,0.0,0.0,0.0
D1,2025-04-04,19:30,Augsburg,Bayern Munich,1,3,A,1.0,1.0,D,6.0,19.0,3.0,7.0,8.0,8.0,2.0,4.0,4.0,0.0,1.0,0.0
D1,2025-04-05,14:30,RB Leipzig,Hoffenheim,3,1,H,2.0,1.0,H,16.0,9.0,5.0,5.0,10.0,12.0,8.0,2.0,0.0,3.0,0.0,1.0
D1,2025-04-05,17:30,Werder Bremen,Ein Frankfurt,2,0,H,1.0,0.0,H,12.0,9.0,4.0,0.0,8.0,15.0,5.0,6.0,3.0,3.0,0.0,0.0
D1,2025-04-05,14:30,Freiburg,Dortmund,1,4,A,0.0,1.0,A,12.0,18.0,3.0,7.0,8.0,6.0,3.0,4.0,1.0,0.0,0.0,0.0
D1,2025-04-05,14:30,Mainz,Holstein Kiel,1,1,D,0.0,1.0,A,13.0,10.0,3.0,5.0,12.0,8.0,4.0,4.0,4.0,4.0,0.0,0.0
D1,2025-04-05,14:30,Heidenheim,Leverkusen,0,1,A,0.0,0.0,D,10.0,6.0,2.0,2.0,14.0,10.0,4.0,0.0,1.0,0.0,0.0,0.0
D1,2025-04-05,14:30,Bochum,Stuttgart,0,4,A,0.0,2.0,A,11.0,14.0,2.0,6.0,17.0,13.0,2.0,4.0,1.0,1.0,0.0,0.0
D1,2025-04-06,16:30,Union Berlin,Wolfsburg,1,0,H,0.0,0.0,D,13.0,12.0,3.0,3.0,13.0,14.0,6.0,4.0,0.0,1.0,0.0,0.0
D1,2025-04-06,14:30,St Pauli,M'gladbach,1,1,D,0.0,1.0,A,26.0,5.0,9.0,3.0,6.0,13.0,11.0,2.0,0.0,2.0,0.0,0.0
D1,2025-04-11,19:30,Wolfsburg,RB Leipzig,2,3,A,0.0,2.0,A,17.0,16.0,6.0,5.0,14.0,13.0,8.0,5.0,2.0,3.0,0.0,0.0
D1,2025-04-12,14:30,Bochum,Augsburg,1,2,A,0.0,1.0,A,25.0,12.0,9.0,5.0,14.0,9.0,7.0,6.0,2.0,1.0,0.0,1.0
D1,2025-04-12,14:30,Hoffenheim,Mainz,2,0,H,2.0,0.0,H,8.0,14.0,5.0,1.0,18.0,11.0,4.0,7.0,4.0,2.0,0.0,1.0
D1,2025-04-12,14:30,Holstein Kiel,St Pauli,1,2,A,1.0,1.0,D,6.0,14.0,2.0,6.0,15.0,11.0,3.0,3.0,3.0,4.0,0.0,0.0
D1,2025-04-12,14:30,Leverkusen,Union Berlin,0,0,D,0.0,0.0,D,16.0,7.0,3.0,3.0,10.0,13.0,7.0,3.0,2.0,1.0,0.0,0.0
D1,2025-04-12,14:30,M'gladbach,Freiburg,1,2,A,1.0,1.0,D,10.0,19.0,1.0,7.0,4.0,11.0,4.0,6.0,0.0,1.0,0.0,0.0
D1,2025-04-12,17:30,Bayern Munich,Dortmund,2,2,D,0.0,0.0,D,28.0,11.0,11.0,3.0,8.0,5.0,6.0,5.0,0.0,0.0,0.0,0.0
D1,2025-04-13,14:30,Stuttgart,Werder Bremen,1,2,A,1.0,1.0,D,12.0,14.0,4.0,5.0,12.0,13.0,3.0,4.0,3.0,2.0,1.0,0.0
D1,2025-04-13,16:30,Ein Frankfurt,Heidenheim,3,0,H,2.0,0.0,H,19.0,14.0,8.0,3.0,6.0,7.0,5.0,3.0,1.0,1.0,0.0,0.0
D1,2025-04-19,17:30,Union Berlin,Stuttgart,4,4,D,4.0,4.0,D,12.0,13.0,5.0,6.0,8.0,9.0,3.0,5.0,0.0,2.0,0.0,0.0
D1,2025-04-19,14:30,Werder Bremen,Bochum,1,0,H,0.0,0.0,D,14.0,12.0,4.0,1.0,9.0,20.0,2.0,7.0,3.0,3.0,0.0,1.0
D1,2025-04-19,14:30,Heidenheim,Bayern Munich,0,4,A,0.0,3.0,A,4.0,18.0,1.0,11.0,8.0,11.0,4.0,4.0,3.0,1.0,0.0,0.0
D1,2025-04-19,14:30,Freiburg,Hoffenheim,3,2,H,2.0,2.0,D,12.0,19.0,6.0,6.0,14.0,13.0,2.0,6.0,3.0,2.0,0.0,0.0
D1,2025-04-19,14:30,Mainz,Wolfsburg,2,2,D,2.0,1.0,H,18.0,16.0,7.0,4.0,15.0,8.0,7.0,5.0,2.0,3.0,0.0,0.0
D1,2025-04-19,14:30,RB Leipzig,Holstein Kiel,1,1,D,0.0,1.0,A,10.0,13.0,4.0,3.0,5.0,9.0,9.0,7.0,1.0,2.0,0.0,0.0
D1,2025-04-20,14:30,Augsburg,Ein Frankfurt,0,0,D,0.0,0.0,D,13.0,8.0,2.0,5.0,6.0,8.0,3.0,9.0,2.0,1.0,0.0,0.0
D1,2025-04-20,16:30,Dortmund,M'gladbach,3,2,H,3.0,1.0,H,14.0,6.0,6.0,3.0,13.0,10.0,6.0,2.0,1.0,2.0,0.0,0.0
D1,2025-04-20,18:30,St Pauli,Leverkusen,1,1,D,0.0,1.0,A,10.0,6.0,5.0,4.0,12.0,12.0,4.0,4.0,1.0,4.0,0.0,0.0
D1,2025-04-25,19:30,Stuttgart,Heidenheim,0,1,A,0.0,0.0,D,19.0,6.0,3.0,2.0,14.0,16.0,6.0,5.0,0.0,4.0,0.0,0.0
D1,2025-04-26,14:30,Bayern Munich,Mainz,3,0,H,2.0,0.0,H,14.0,8.0,6.0,3.0,13.0,17.0,4.0,4.0,2.0,2.0,0.0,0.0
D1,2025-04-26,14:30,Hoffenheim,Dortmund,2,3,A,0.0,1.0,A,11.0,16.0,3.0,8.0,17.0,9.0,2.0,5.0,5.0,1.0,0.0,0.0
D1,2025-04-26,14:30,Holstein Kiel,M'gladbach,4,3,H,2.0,0.0,H,22.0,16.0,11.0,7.0,13.0,11.0,7.0,8.0,2.0,1.0,0.0,0.0
D1,2025-04-26,14:30,Leverkusen,Augsburg,2,0,H,2.0,0.0,H,14.0,11.0,5.0,2.0,10.0,10.0,3.0,7.0,0.0,1.0,0.0,0.0
D1,2025-04-26,14:30,Wolfsburg,Freiburg,0,1,A,0.0,0.0,D,8.0,15.0,1.0,2.0,6.0,9.0,3.0,2.0,3.0,1.0,1.0,0.0
D1,2025-04-26,17:30,Ein Frankfurt,RB Leipzig,4,0,H,1.0,0.0,H,9.0,7.0,6.0,3.0,10.0,13.0,8.0,4.0,1.0,2.0,0.0,1.0
D1,2025-04-27,14:30,Bochum,Union Berlin,1,1,D,0.0,1.0,A,10.0,5.0,4.0,1.0,11.0,9.0,10.0,4.0,3.0,2.0,0.0,0.0
D1,2025-04-27,16:30,Werder Bremen,St Pauli,0,0,D,0.0,0.0,D,11.0,10.0,2.0,4.0,9.0,16.0,1.0,3.0,2.0,3.0,0.0,1.0
D1,2025-05-02,19:30,Heidenheim,Bochum,0,0,D,0.0,0.0,D,11.0,14.0,3.0,3.0,8.0,14.0,6.0,4.0,0.0,1.0,0.0,0.0
D1,2025-05-03,17:30,Dortmund,Wolfsburg,4,0,H,1.0,0.0,H,11.0,11.0,5.0,2.0,13.0,6.0,4.0,3.0,0.0,1.0,0.0,0.0
D1,2025-05-03,14:30,Union Berlin,Werder Bremen,2,2,D,1.0,2.0,A,17.0,13.0,7.0,6.0,9.0,8.0,5.0,5.0,2.0,3.0,0.0,0.0
D1,2025-05-03,14:30,St Pauli,Stuttgart,0,1,A,0.0,0.0,D,6.0,21.0,1.0,8.0,17.0,12.0,4.0,4.0,6.0,3.0,2.0,0.0
D1,2025-05-03,14:30,M'gladbach,Hoffenheim,4,4,D,2.0,1.0,H,12.0,26.0,7.0,8.0,6.0,8.0,4.0,7.0,0.0,0.0,0.0,0.0
D1,2025-05-03,14:30,RB Leipzig,Bayern Munich,3,3,D,2.0,0.0,H,8.0,20.0,6.0,6.0,9.0,6.0,2.0,7.0,3.0,1.0,0.0,0.0
D1,2025-05-04,18:30,Mainz,Ein Frankfurt,1,1,D,0.0,1.0,A,12.0,8.0,3.0,2.0,10.0,10.0,8.0,1.0,1.0,0.0,0.0,0.0
D1,2025-05-04,16:30,Freiburg,Leverkusen,2,2,D,1.0,0.0,H,8.0,5.0,4.0,2.0,10.0,16.0,4.0,1.0,1.0,2.0,0.0,0.0
D1,2025-05-04,14:30,Augsburg,Holstein Kiel,1,3,A,0.0,2.0,A,27.0,7.0,10.0,5.0,4.0,20.0,12.0,0.0,0.0,2.0,0.0,0.0
D1,2025-05-09,19:30,Wolfsburg,Hoffenheim,2,2,D,1.0,1.0,D,14.0,17.0,5.0,7.0,11.0,10.0,5.0,6.0,0.0,2.0,0.0,0.0
D1,2025-05-10,17:30,Bayern Munich,M'gladbach,2,0,H,1.0,0.0,H,24.0,16.0,9.0,6.0,3.0,8.0,4.0,9.0,1.0,1.0,0.0,0.0
D1,2025-05-10,14:30,Werder Bremen,RB Leipzig,0,0,D,0.0,0.0,D,21.0,16.0,6.0,4.0,6.0,13.0,11.0,4.0,1.0,3.0,0.0,0.0
D1,2025-05-10,14:30,Union Berlin,Heidenheim,0,3,A,0.0,1.0,A,10.0,8.0,1.0,4.0,14.0,7.0,1.0,2.0,2.0,0.0,0.0,0.0
D1,2025-05-10,14:30,Holstein Kiel,Freiburg,1,2,A,1.0,1.0,D,15.0,9.0,3.0,4.0,9.0,13.0,2.0,5.0,1.0,0.0,0.0,0.0
D1,2025-05-10,14:30,Bochum,Mainz,1,4,A,0.0,1.0,A,11.0,22.0,6.0,8.0,9.0,6.0,6.0,6.0,3.0,0.0,0.0,0.0
D1,2025-05-11,18:30,Stuttgart,Augsburg,4,0,H,1.0,0.0,H,29.0,7.0,11.0,0.0,9.0,7.0,11.0,2.0,1.0,1.0,0.0,1.0
D1,2025-05-11,16:30,Ein Frankfurt,St Pauli,2,2,D,1.0,2.0,A,13.0,5.0,5.0,2.0,11.0,12.0,3.0,1.0,2.0,2.0,0.0,0.0
D1,2025-05-11,14:30,Leverkusen,Dortmund,2,4,A,1.0,2.0,A,19.0,9.0,10.0,5.0,7.0,8.0,12.0,0.0,0.0,2.0,0.0,0.0
D1,2025-05-17,14:30,RB Leipzig,Stuttgart,2,3,A,2.0,1.0,H,8.0,15.0,5.0,7.0,9.0,9.0,5.0,8.0,1.0,0.0,0.0,0.0
D1,2025-05-17,14:30,M'gladbach,Wolfsburg,0,1,A,0.0,0.0,D,16.0,17.0,3.0,6.0,6.0,4.0,7.0,10.0,0.0,0.0,0.0,0.0
D1,2025-05-17,14:30,Mainz,Leverkusen,2,2,D,1.0,0.0,H,20.0,7.0,6.0,4.0,14.0,13.0,7.0,3.0,2.0,6.0,0.0,0.0
D1,2025-05-17,14:30,Hoffenheim,Bayern Munich,0,4,A,0.0,1.0,A,6.0,14.0,2.0,5.0,9.0,7.0,1.0,4.0,0.0,0.0,0.0,0.0
D1,2025-05-17,14:30,Heidenheim,Werder Bremen,1,4,A,0.0,2.0,A,21.0,13.0,8.0,7.0,11.0,11.0,6.0,4.0,2.0,2.0,0.0,0.0
D1,2025-05-17,14:30,Freiburg,Ein Frankfurt,1,3,A,1.0,1.0,D,8.0,11.0,1.0,6.0,13.0,16.0,4.0,7.0,2.0,4.0,0.0,0.0
D1,2025-05-17,14:30,Dortmund,Holstein Kiel,3,0,H,1.0,0.0,H,19.0,4.0,6.0,2.0,12.0,6.0,7.0,1.0,3.0,1.0,0.0,1.0
D1,2025-05-17,14:30,Augsburg,Union Berlin,1,2,A,1.0,0.0,H,19.0,6.0,4.0,4.0,6.0,5.0,4.0,0.0,0.0,0.0,0.0,0.0
D1,2025-05-17,14:30,St Pauli,Bochum,0,2,A,0.0,1.0,A,10.0,9.0,2.0,6.0,3.0,11.0,7.0,4.0,0.0,0.0,0.0,0.0
D1,2025-08-22,19:30,Bayern Munich,RB Leipzig,6,0,H,3.0,0.0,H,19.0,12.0,10.0,1.0,13.0,13.0,5.0,5.0,4.0,1.0,0.0,0.0
D1,2025-08-23,14:30,Ein Frankfurt,Werder Bremen,4,1,H,2.0,0.0,H,18.0,10.0,5.0,5.0,9.0,9.0,7.0,1.0,1.0,3.0,0.0,0.0
D1,2025-08-23,14:30,Freiburg,Augsburg,1,3,A,0.0,3.0,A,16.0,14.0,4.0,5.0,14.0,18.0,5.0,5.0,4.0,5.0,0.0,0.0
D1,2025-08-23,14:30,Heidenheim,Wolfsburg,1,3,A,1.0,1.0,D,7.0,15.0,2.0,5.0,12.0,12.0,2.0,5.0,2.0,3.0,0.0,0.0
D1,2025-08-23,14:30,Leverkusen,Hoffenheim,1,2,A,1.0,1.0,D,7.0,10.0,2.0,5.0,9.0,17.0,6.0,4.0,0.0,4.0,0.0,0.0
D1,2025-08-23,14:30,Union Berlin,Stuttgart,2,1,H,2.0,0.0,H,8.0,21.0,2.0,6.0,21.0,13.0,5.0,11.0,4.0,4.0,0.0,0.0
D1,2025-08-23,17:30,St Pauli,Dortmund,3,3,D,0.0,1.0,A,11.0,8.0,7.0,7.0,13.0,12.0,5.0,2.0,2.0,3.0,0.0,1.0
D1,2025-08-24,14:30,Mainz,FC Koln,0,1,A,0.0,0.0,D,19.0,12.0,2.0,2.0,7.0,9.0,8.0,3.0,0.0,2.0,1.0,0.0
D1,2025-08-24,16:30,M'gladbach,Hamburg,0,0,D,0.0,0.0,D,17.0,7.0,4.0,2.0,10.0,10.0,7.0,6.0,2.0,1.0,0.0,0.0
D1,2025-08-29,19:30,Hamburg,St Pauli,0,2,A,0.0,1.0,A,5.0,17.0,2.0,6.0,13.0,19.0,2.0,5.0,3.0,3.0,1.0,0.0
D1,2025-08-30,14:30,Werder Bremen,Leverkusen,3,3,D,1.0,2.0,A,12.0,10.0,5.0,4.0,11.0,10.0,3.0,7.0,4.0,3.0,1.0,0.0
D1,2025-08-30,14:30,Hoffenheim,Ein Frankfurt,1,3,A,0.0,2.0,A,17.0,9.0,5.0,6.0,14.0,10.0,4.0,5.0,2.0,3.0,0.0,0.0
D1,2025-08-30,14:30,RB Leipzig,Heidenheim,2,0,H,0.0,0.0,D,19.0,5.0,5.0,3.0,7.0,13.0,4.0,3.0,2.0,5.0,0.0,0.0
D1,2025-08-30,14:30,Stuttgart,M'gladbach,1,0,H,0.0,0.0,D,13.0,15.0,5.0,6.0,5.0,13.0,6.0,10.0,2.0,1.0,0.0,0.0
D1,2025-08-30,17:30,Augsburg,Bayern Munich,2,3,A,0.0,2.0,A,10.0,20.0,3.0,10.0,14.0,11.0,7.0,5.0,3.0,4.0,0.0,0.0
D1,2025-08-31,18:30,FC Koln,Freiburg,4,1,H,1.0,0.0,H,18.0,12.0,6.0,2.0,12.0,9.0,3.0,5.0,2.0,1.0,0.0,0.0
D1,2025-08-31,16:30,Dortmund,Union Berlin,3,0,H,1.0,0.0,H,11.0,12.0,6.0,3.0,14.0,7.0,4.0,6.0,0.0,0.0,0.0,0.0
D1,2025-08-31,14:30,Wolfsburg,Mainz,1,1,D,1.0,0.0,H,11.0,17.0,3.0,3.0,15.0,14.0,3.0,10.0,3.0,5.0,1.0,0.0
