Date,HomeTeam,AwayTeam,FTHG,FTAG,FTR,HTHG,HTAG,HTR,HS,AS,HST,AST,HF,AF,HC,AC,HY,AY,HR,AR
2021-07-23,FC Schalke 04,Hamburger SV,1,3,A,1,0,,0,0,0,0,0,0,0,0,0,0,0,0
2021-07-24,FC Heidenheim,SC Paderborn 07,0,0,D,0,0,,0,0,0,0,0,0,0,0,0,0,0,0
2021-07-24,SV Darmstadt 98,Jahn Regensburg,0,2,A,0,1,,0,0,0,0,0,0,0,0,0,0,0,0
2021-07-24,Dynamo Dresden,FC Ingolstadt 04,3,0,H,1,0,,0,0,0,0,0,0,0,0,0,0,0,0
2021-07-24,Hansa Rostock,Karlsruher SC,1,3,A,0,2,,0,0,0,0,0,0,0,0,0,0,0,0
2021-07-24,Werder Bremen,Hannover 96,1,1,D,0,0,,0,0,0,0,0,0,0,0,0,0,0,0
2021-07-25,FC Nurnberg,Erzgebirge AUE,0,0,D,0,0,,0,0,0,0,0,0,0,0,0,0,0,0
2021-07-25,FC St. Pauli,Holstein Kiel,3,0,H,1,0,,0,0,0,0,0,0,0,0,0,0,0,0
2021-07-25,SV Sandhausen,Fortuna Dusseldorf,0,2,A,0,0,,0,0,0,0,0,0,0,0,0,0,0,0
2021-07-30,SC Paderborn 07,FC Nurnberg,2,2,D,1,0,,0,0,0,0,0,0,0,0,0,0,0,0
2021-07-30,Karlsruher SC,SV Darmstadt 98,3,0,H,1,0,,0,0,0,0,0,0,0,0,0,0,0,0
2021-07-31,Hannover 96,Hansa Rostock,0,3,A,0,1,,0,0,0,0,0,0,0,0,0,0,0,0
2021-07-31,Jahn Regensburg,SV Sandhausen,3,0,H,1,0,,0,0,0,0,0,0,0,0,0,0,0,0
2021-07-31,FC Ingolstadt 04,FC Heidenheim,1,2,A,0,0,,0,0,0,0,0,0,0,0,0,0,0,0
2021-07-31,Fortuna Dusseldorf,Werder Bremen,2,3,A,0,1,,0,0,0,0,0,0,0,0,0,0,0,0
2021-08-01,Erzgebirge AUE,FC St. Pauli,0,0,D,0,0,,0,0,0,0,0,0,0,0,0,0,0,0
2021-08-01,Holstein Kiel,FC Schalke 04,0,3,A,0,2,,0,0,0,0,0,0,0,0,0,0,0,0
2021-08-01,Hamburger SV,Dynamo Dresden,1,1,D,1,0,,0,0,0,0,0,0,0,0,0,0,0,0
2021-08-13,FC Schalke 04,Erzgebirge AUE,1,1,D,1,0,,0,0,0,0,0,0,0,0,0,0,0,0
2021-08-13,FC St. Pauli,Hamburger SV,3,2,H,1,1,,0,0,0,0,0,0,0,0,0,0,0,0
2021-08-14,FC Nurnberg,Fortuna Dusseldorf,2,0,H,0,0,,0,0,0,0,0,0,0,0,0,0,0,0
2021-08-14,SV Sandhausen,Karlsruher SC,0,0,D,0,0,,0,0,0,0,0,0,0,0,0,0,0,0
2021-08-14,Holstein Kiel,Jahn Regensburg,0,3,A,0,2,,0,0,0,0,0,0,0,0,0,0,0,0
2021-08-14,Dynamo Dresden,Hannover 96,2,0,H,0,0,,0,0,0,0,0,0,0,0,0,0,0,0
2021-08-15,SV Darmstadt 98,FC Ingolstadt 04,6,1,H,4,0,,0,0,0,0,0,0,0,0,0,0,0,0
2021-08-15,Werder Bremen,SC Paderborn 07,1,4,A,0,3,,0,0,0,0,0,0,0,0,0,0,0,0
2021-08-15,FC Heidenheim,Hansa Rostock,1,1,D,0,0,,0,0,0,0,0,0,0,0,0,0,0,0
2021-08-20,Fortuna Dusseldorf,Holstein Kiel,2,2,D,1,1,,0,0,0,0,0,0,0,0,0,0,0,0
2021-08-20,Hannover 96,FC Heidenheim,1,0,H,0,0,,0,0,0,0,0,0,0,0,0,0,0,0
2021-08-21,Jahn Regensburg,FC Schalke 04,4,1,H,1,0,,0,0,0,0,0,0,0,0,0,0,0,0
2021-08-21,SC Paderborn 07,FC St. Pauli,3,1,H,1,1,,0,0,0,0,0,0,0,0,0,0,0,0
2021-08-21,Karlsruher SC,Werder Bremen,0,0,D,0,0,,0,0,0,0,0,0,0,0,0,0,0,0
2021-08-21,Hansa Rostock,Dynamo Dresden,1,3,A,1,1,,0,0,0,0,0,0,0,0,0,0,0,0
2021-08-22,FC Ingolstadt 04,FC Nurnberg,0,0,D,0,0,,0,0,0,0,0,0,0,0,0,0,0,0
2021-08-22,Hamburger SV,SV Darmstadt 98,2,2,D,2,2,,0,0,0,0,0,0,0,0,0,0,0,0
2021-08-22,Erzgebirge AUE,SV Sandhausen,1,3,A,0,0,,0,0,0,0,0,0,0,0,0,0,0,0
2021-08-27,SV Sandhausen,FC Ingolstadt 04,0,2,A,0,1,,0,0,0,0,0,0,0,0,0,0,0,0
2021-08-27,FC Nurnberg,Karlsruher SC,2,1,H,0,0,,0,0,0,0,0,0,0,0,0,0,0,0
2021-08-28,FC Heidenheim,Hamburger SV,0,0,D,0,0,,0,0,0,0,0,0,0,0,0,0,0,0
2021-08-28,SV Darmstadt 98,Hannover 96,4,0,H,2,0,,0,0,0,0,0,0,0,0,0,0,0,0
2021-08-28,Holstein Kiel,Erzgebirge AUE,3,0,H,2,0,,0,0,0,0,0,0,0,0,0,0,0,0
2021-08-28,FC Schalke 04,Fortuna Dusseldorf,3,1,H,1,1,,0,0,0,0,0,0,0,0,0,0,0,0
2021-08-29,Werder Bremen,Hansa Rostock,3,0,H,1,0,,0,0,0,0,0,0,0,0,0,0,0,0
2021-08-29,Dynamo Dresden,SC Paderborn 07,0,3,A,0,3,,0,0,0,0,0,0,0,0,0,0,0,0
2021-08-29,FC St. Pauli,Jahn Regensburg,2,0,H,0,0,,0,0,0,0,0,0,0,0,0,0,0,0
2021-09-11,Hamburger SV,SV Sandhausen,2,1,H,0,0,,0,0,0,0,0,0,0,0,0,0,0,0
2021-09-11,Karlsruher SC,Holstein Kiel,2,2,D,1,0,,0,0,0,0,0,0,0,0,0,0,0,0
2021-09-11,Hannover 96,FC St. Pauli,1,0,H,1,0,,0,0,0,0,0,0,0,0,0,0,0,0
2021-09-11,FC Ingolstadt 04,Werder Bremen,0,3,A,0,2,,0,0,0,0,0,0,0,0,0,0,0,0
2021-09-12,Hansa Rostock,SV Darmstadt 98,2,1,H,1,0,,0,0,0,0,0,0,0,0,0,0,0,0
2021-09-12,Jahn Regensburg,FC Nurnberg,2,2,D,1,1,,0,0,0,0,0,0,0,0,0,0,0,0
2021-09-12,FC Heidenheim,Dynamo Dresden,2,1,H,1,0,,0,0,0,0,0,0,0,0,0,0,0,0
2021-09-12,SC Paderborn 07,FC Schalke 04,0,1,A,0,0,,0,0,0,0,0,0,0,0,0,0,0,0
2021-09-12,Erzgebirge AUE,Fortuna Dusseldorf,0,1,A,0,1,,0,0,0,0,0,0,0,0,0,0,0,0
2021-09-17,FC Schalke 04,Karlsruher SC,1,2,A,1,1,,0,0,0,0,0,0,0,0,0,0,0,0
2021-09-17,FC Nurnberg,Hansa Rostock,1,0,H,0,0,,0,0,0,0,0,0,0,0,0,0,0,0
2021-09-18,Fortuna Dusseldorf,Jahn Regensburg,1,1,D,1,1,,0,0,0,0,0,0,0,0,0,0,0,0
2021-09-18,SV Sandhausen,FC Heidenheim,1,3,A,0,2,,0,0,0,0,0,0,0,0,0,0,0,0
2021-09-18,Holstein Kiel,Hannover 96,0,3,A,0,3,,0,0,0,0,0,0,0,0,0,0,0,0
2021-09-18,Werder Bremen,Hamburger SV,0,2,A,0,2,,0,0,0,0,0,0,0,0,0,0,0,0
2021-09-19,SV Darmstadt 98,Dynamo Dresden,1,0,H,1,0,,0,0,0,0,0,0,0,0,0,0,0,0
2021-09-19,FC St. Pauli,FC Ingolstadt 04,4,1,H,1,0,,0,0,0,0,0,0,0,0,0,0,0,0
2021-09-19,Erzgebirge AUE,SC Paderborn 07,1,4,A,0,3,,0,0,0,0,0,0,0,0,0,0,0,0
2021-09-24,Jahn Regensburg,Erzgebirge AUE,3,2,H,2,0,,0,0,0,0,0,0,0,0,0,0,0,0
2021-09-24,FC Heidenheim,SV Darmstadt 98,2,1,H,1,0,,0,0,0,0,0,0,0,0,0,0,0,0
2021-09-25,FC Ingolstadt 04,Fortuna Dusseldorf,1,2,A,0,0,,0,0,0,0,0,0,0,0,0,0,0,0
2021-09-25,SC Paderborn 07,Holstein Kiel,1,2,A,1,0,,0,0,0,0,0,0,0,0,0,0,0,0
2021-09-25,Karlsruher SC,FC St. Pauli,1,3,A,0,2,,0,0,0,0,0,0,0,0,0,0,0,0
2021-09-25,Hansa Rostock,FC Schalke 04,0,2,A,0,1,,0,0,0,0,0,0,0,0,0,0,0,0
2021-09-26,Hannover 96,SV Sandhausen,1,2,A,0,0,,0,0,0,0,0,0,0,0,0,0,0,0
2021-09-26,Hamburger SV,FC Nurnberg,2,2,D,1,1,,0,0,0,0,0,0,0,0,0,0,0,0
2021-09-26,Dynamo Dresden,Werder Bremen,3,0,H,1,0,,0,0,0,0,0,0,0,0,0,0,0,0
2021-10-01,Erzgebirge AUE,Hamburger SV,1,1,D,1,0,,0,0,0,0,0,0,0,0,0,0,0,0
2021-10-01,Werder Bremen,FC Heidenheim,3,0,H,0,0,,0,0,0,0,0,0,0,0,0,0,0,0
2021-10-02,FC Nurnberg,Hannover 96,0,0,D,0,0,,0,0,0,0,0,0,0,0,0,0,0,0
2021-10-02,Holstein Kiel,Hansa Rostock,0,2,A,0,2,,0,0,0,0,0,0,0,0,0,0,0,0
2021-10-02,Jahn Regensburg,Karlsruher SC,2,2,D,0,1,,0,0,0,0,0,0,0,0,0,0,0,0
2021-10-02,Fortuna Dusseldorf,SC Paderborn 07,2,3,A,1,1,,0,0,0,0,0,0,0,0,0,0,0,0
2021-10-03,FC Schalke 04,FC Ingolstadt 04,3,0,H,1,0,,0,0,0,0,0,0,0,0,0,0,0,0
2021-10-03,FC St. Pauli,Dynamo Dresden,3,0,H,1,0,,0,0,0,0,0,0,0,0,0,0,0,0
2021-10-03,SV Sandhausen,SV Darmstadt 98,1,6,A,1,2,,0,0,0,0,0,0,0,0,0,0,0,0
2021-10-15,Hannover 96,FC Schalke 04,0,1,A,0,0,,0,0,0,0,0,0,0,0,0,0,0,0
2021-10-15,SC Paderborn 07,Jahn Regensburg,1,1,D,0,1,,0,0,0,0,0,0,0,0,0,0,0,0
2021-10-16,Hamburger SV,Fortuna Dusseldorf,1,1,D,1,0,,0,0,0,0,0,0,0,0,0,0,0,0
2021-10-16,Karlsruher SC,Erzgebirge AUE,2,1,H,0,0,,0,0,0,0,0,0,0,0,0,0,0,0
2021-10-16,FC Ingolstadt 04,Holstein Kiel,1,1,D,0,1,,0,0,0,0,0,0,0,0,0,0,0,0
2021-10-16,FC Heidenheim,FC St. Pauli,2,4,A,1,0,,0,0,0,0,0,0,0,0,0,0,0,0
2021-10-17,SV Darmstadt 98,Werder Bremen,3,0,H,1,0,,0,0,0,0,0,0,0,0,0,0,0,0
2021-10-17,Dynamo Dresden,FC Nurnberg,0,1,A,0,1,,0,0,0,0,0,0,0,0,0,0,0,0
2021-10-17,Hansa Rostock,SV Sandhausen,1,1,D,0,1,,0,0,0,0,0,0,0,0,0,0,0,0
2021-10-22,SC Paderborn 07,Hamburger SV,1,2,A,1,1,,0,0,0,0,0,0,0,0,0,0,0,0
2021-10-22,Erzgebirge AUE,FC Ingolstadt 04,1,0,H,0,0,,0,0,0,0,0,0,0,0,0,0,0,0
2021-10-23,Holstein Kiel,SV Darmstadt 98,1,1,D,1,1,,0,0,0,0,0,0,0,0,0,0,0,0
2021-10-23,FC Schalke 04,Dynamo Dresden,3,0,H,1,0,,0,0,0,0,0,0,0,0,0,0,0,0
2021-10-23,Fortuna Dusseldorf,Karlsruher SC,3,1,H,1,1,,0,0,0,0,0,0,0,0,0,0,0,0
2021-10-23,FC Nurnberg,FC Heidenheim,4,0,H,1,0,,0,0,0,0,0,0,0,0,0,0,0,0
2021-10-24,Jahn Regensburg,Hannover 96,3,1,H,2,0,,0,0,0,0,0,0,0,0,0,0,0,0
2021-10-24,FC St. Pauli,Hansa Rostock,4,0,H,2,0,,0,0,0,0,0,0,0,0,0,0,0,0
2021-10-24,SV Sandhausen,Werder Bremen,2,2,D,1,1,,0,0,0,0,0,0,0,0,0,0,0,0
2021-10-29,FC Heidenheim,FC Schalke 04,1,0,H,0,0,,0,0,0,0,0,0,0,0,0,0,0,0
2021-10-29,SV Darmstadt 98,FC Nurnberg,2,0,H,1,0,,0,0,0,0,0,0,0,0,0,0,0,0
2021-10-30,Dynamo Dresden,SV Sandhausen,0,1,A,0,0,,0,0,0,0,0,0,0,0,0,0,0,0
2021-10-30,Hamburger SV,Holstein Kiel,1,1,D,1,0,,0,0,0,0,0,0,0,0,0,0,0,0
2021-10-30,Werder Bremen,FC St. Pauli,1,1,D,0,0,,0,0,0,0,0,0,0,0,0,0,0,0
2021-10-30,Hannover 96,Erzgebirge AUE,1,1,D,1,1,,0,0,0,0,0,0,0,0,0,0,0,0
2021-10-31,FC Ingolstadt 04,Jahn Regensburg,0,3,A,0,1,,0,0,0,0,0,0,0,0,0,0,0,0
2021-10-31,Karlsruher SC,SC Paderborn 07,2,4,A,0,4,,0,0,0,0,0,0,0,0,0,0,0,0
2021-10-31,Hansa Rostock,Fortuna Dusseldorf,2,1,H,1,0,,0,0,0,0,0,0,0,0,0,0,0,0
2021-11-05,FC Nurnberg,Werder Bremen,1,2,A,1,0,,0,0,0,0,0,0,0,0,0,0,0,0
2021-11-05,Holstein Kiel,Dynamo Dresden,2,1,H,0,1,,0,0,0,0,0,0,0,0,0,0,0,0
2021-11-06,Fortuna Dusseldorf,Hannover 96,1,1,D,1,0,,0,0,0,0,0,0,0,0,0,0,0,0
2021-11-06,Jahn Regensburg,Hansa Rostock,2,3,A,1,1,,0,0,0,0,0,0,0,0,0,0,0,0
2021-11-06,SC Paderborn 07,FC Ingolstadt 04,2,1,H,0,0,,0,0,0,0,0,0,0,0,0,0,0,0
2021-11-06,Karlsruher SC,Hamburger SV,1,1,D,1,1,,0,0,0,0,0,0,0,0,0,0,0,0
2021-11-07,Erzgebirge AUE,FC Heidenheim,2,0,H,2,0,,0,0,0,0,0,0,0,0,0,0,0,0
2021-11-07,FC Schalke 04,SV Darmstadt 98,2,4,A,1,2,,0,0,0,0,0,0,0,0,0,0,0,0
2021-11-19,Hannover 96,SC Paderborn 07,0,0,D,0,0,,0,0,0,0,0,0,0,0,0,0,0,0
2021-11-19,SV Sandhausen,FC Nurnberg,1,2,A,0,0,,0,0,0,0,0,0,0,0,0,0,0,0
2021-11-20,Hamburger SV,Jahn Regensburg,4,1,H,2,1,,0,0,0,0,0,0,0,0,0,0,0,0
2021-11-20,SV Darmstadt 98,FC St. Pauli,4,0,H,4,0,,0,0,0,0,0,0,0,0,0,0,0,0
2021-11-20,Hansa Rostock,Erzgebirge AUE,1,2,A,1,1,,0,0,0,0,0,0,0,0,0,0,0,0
2021-11-20,Werder Bremen,FC Schalke 04,1,1,D,0,0,,0,0,0,0,0,0,0,0,0,0,0,0
2021-11-21,Dynamo Dresden,Fortuna Dusseldorf,1,0,H,1,0,,0,0,0,0,0,0,0,0,0,0,0,0
2021-11-21,FC Ingolstadt 04,Karlsruher SC,1,1,D,1,1,,0,0,0,0,0,0,0,0,0,0,0,0
2021-11-21,FC Heidenheim,Holstein Kiel,2,1,H,1,1,,0,0,0,0,0,0,0,0,0,0,0,0
2021-11-24,FC St. Pauli,SV Sandhausen,3,1,H,2,0,,0,0,0,0,0,0,0,0,0,0,0,0
2021-11-26,Fortuna Dusseldorf,FC Heidenheim,0,1,A,0,0,,0,0,0,0,0,0,0,0,0,0,0,0
2021-11-26,Jahn Regensburg,Dynamo Dresden,3,1,H,1,0,,0,0,0,0,0,0,0,0,0,0,0,0
2021-11-27,Holstein Kiel,Werder Bremen,2,1,H,1,0,,0,0,0,0,0,0,0,0,0,0,0,0
2021-11-27,FC Schalke 04,SV Sandhausen,5,2,H,0,0,,0,0,0,0,0,0,0,0,0,0,0,0
2021-11-27,Erzgebirge AUE,SV Darmstadt 98,1,2,A,0,0,,0,0,0,0,0,0,0,0,0,0,0,0
2021-11-27,Karlsruher SC,Hannover 96,4,0,H,3,0,,0,0,0,0,0,0,0,0,0,0,0,0
2021-11-28,SC Paderborn 07,Hansa Rostock,1,1,D,0,1,,0,0,0,0,0,0,0,0,0,0,0,0
2021-11-28,Hamburger SV,FC Ingolstadt 04,3,0,H,2,0,,0,0,0,0,0,0,0,0,0,0,0,0
2021-11-28,FC Nurnberg,FC St. Pauli,2,3,A,1,2,,0,0,0,0,0,0,0,0,0,0,0,0
2021-12-03,Werder Bremen,Erzgebirge AUE,4,0,H,2,0,,0,0,0,0,0,0,0,0,0,0,0,0
2021-12-03,SV Darmstadt 98,Fortuna Dusseldorf,1,3,A,0,2,,0,0,0,0,0,0,0,0,0,0,0,0
2021-12-04,FC Nurnberg,Holstein Kiel,2,1,H,1,0,,0,0,0,0,0,0,0,0,0,0,0,0
2021-12-04,SV Sandhausen,SC Paderborn 07,1,1,D,0,1,,0,0,0,0,0,0,0,0,0,0,0,0
2021-12-04,Hansa Rostock,FC Ingolstadt 04,1,1,D,0,1,,0,0,0,0,0,0,0,0,0,0,0,0
2021-12-04,FC St. Pauli,FC Schalke 04,2,1,H,2,0,,0,0,0,0,0,0,0,0,0,0,0,0
2021-12-05,Dynamo Dresden,Karlsruher SC,3,1,H,0,0,,0,0,0,0,0,0,0,0,0,0,0,0
2021-12-05,FC Heidenheim,Jahn Regensburg,3,0,H,1,0,,0,0,0,0,0,0,0,0,0,0,0,0
2021-12-05,Hannover 96,Hamburger SV,1,0,H,1,0,,0,0,0,0,0,0,0,0,0,0,0,0
2021-12-10,FC Schalke 04,FC Nurnberg,4,1,H,1,0,,0,0,0,0,0,0,0,0,0,0,0,0
2021-12-10,Jahn Regensburg,Werder Bremen,2,3,A,1,1,,0,0,0,0,0,0,0,0,0,0,0,0
2021-12-11,FC Ingolstadt 04,Hannover 96,1,2,A,1,2,,0,0,0,0,0,0,0,0,0,0,0,0
2021-12-11,SC Paderborn 07,SV Darmstadt 98,0,1,A,0,0,,0,0,0,0,0,0,0,0,0,0,0,0
2021-12-11,Holstein Kiel,SV Sandhausen,2,2,D,1,1,,0,0,0,0,0,0,0,0,0,0,0,0
2021-12-11,Fortuna Dusseldorf,FC St. Pauli,1,1,D,0,0,,0,0,0,0,0,0,0,0,0,0,0,0
2021-12-12,Erzgebirge AUE,Dynamo Dresden,0,1,A,0,0,,0,0,0,0,0,0,0,0,0,0,0,0
2021-12-12,Karlsruher SC,FC Heidenheim,3,2,H,2,1,,0,0,0,0,0,0,0,0,0,0,0,0
2021-12-12,Hamburger SV,Hansa Rostock,3,0,H,2,0,,0,0,0,0,0,0,0,0,0,0,0,0
2021-12-17,Holstein Kiel,FC St. Pauli,3,0,H,3,0,,0,0,0,0,0,0,0,0,0,0,0,0
2021-12-17,Fortuna Dusseldorf,SV Sandhausen,0,1,A,0,1,,0,0,0,0,0,0,0,0,0,0,0,0
2021-12-18,FC Ingolstadt 04,Dynamo Dresden,3,0,H,2,0,,0,0,0,0,0,0,0,0,0,0,0,0
2021-12-18,SC Paderborn 07,FC Heidenheim,1,2,A,0,0,,0,0,0,0,0,0,0,0,0,0,0,0
2021-12-18,Erzgebirge AUE,FC Nurnberg,1,3,A,1,2,,0,0,0,0,0,0,0,0,0,0,0,0
2021-12-18,Hamburger SV,FC Schalke 04,1,1,D,1,0,,0,0,0,0,0,0,0,0,0,0,0,0
2021-12-19,Hannover 96,Werder Bremen,1,4,A,1,1,,0,0,0,0,0,0,0,0,0,0,0,0
2021-12-19,Jahn Regensburg,SV Darmstadt 98,0,2,A,0,0,,0,0,0,0,0,0,0,0,0,0,0,0
2021-12-19,Karlsruher SC,Hansa Rostock,2,2,D,2,1,,0,0,0,0,0,0,0,0,0,0,0,0
2022-01-14,Dynamo Dresden,Hamburger SV,1,1,D,0,1,,0,0,0,0,0,0,0,0,0,0,0,0
2022-01-14,Hansa Rostock,Hannover 96,0,1,A,0,0,,0,0,0,0,0,0,0,0,0,0,0,0
2022-01-15,SV Darmstadt 98,Karlsruher SC,2,2,D,0,1,,0,0,0,0,0,0,0,0,0,0,0,0
2022-01-15,FC St. Pauli,Erzgebirge AUE,2,2,D,1,1,,0,0,0,0,0,0,0,0,0,0,0,0
2022-01-15,Werder Bremen,Fortuna Dusseldorf,3,0,H,0,0,,0,0,0,0,0,0,0,0,0,0,0,0
2022-01-15,FC Nurnberg,SC Paderborn 07,1,2,A,0,2,,0,0,0,0,0,0,0,0,0,0,0,0
2022-01-16,FC Schalke 04,Holstein Kiel,1,1,D,0,0,,0,0,0,0,0,0,0,0,0,0,0,0
2022-01-16,FC Heidenheim,FC Ingolstadt 04,2,1,H,1,0,,0,0,0,0,0,0,0,0,0,0,0,0
2022-01-16,SV Sandhausen,Jahn Regensburg,0,3,A,0,2,,0,0,0,0,0,0,0,0,0,0,0,0
2022-01-21,Fortuna Dusseldorf,FC Nurnberg,0,1,A,0,1,,0,0,0,0,0,0,0,0,0,0,0,0
2022-01-21,Hamburger SV,FC St. Pauli,2,1,H,0,1,,0,0,0,0,0,0,0,0,0,0,0,0
2022-01-22,Erzgebirge AUE,FC Schalke 04,0,5,A,0,2,,0,0,0,0,0,0,0,0,0,0,0,0
2022-01-22,Hansa Rostock,FC Heidenheim,0,0,D,0,0,,0,0,0,0,0,0,0,0,0,0,0,0
2022-01-22,FC Ingolstadt 04,SV Darmstadt 98,0,2,A,0,1,,0,0,0,0,0,0,0,0,0,0,0,0
2022-01-22,SC Paderborn 07,Werder Bremen,3,4,A,2,1,,0,0,0,0,0,0,0,0,0,0,0,0
2022-01-23,Hannover 96,Dynamo Dresden,0,0,D,0,0,,0,0,0,0,0,0,0,0,0,0,0,0
2022-01-23,Jahn Regensburg,Holstein Kiel,1,2,A,1,1,,0,0,0,0,0,0,0,0,0,0,0,0
2022-02-04,FC Nurnberg,FC Ingolstadt 04,0,5,A,0,3,,0,0,0,0,0,0,0,0,0,0,0,0
2022-02-04,FC Heidenheim,Hannover 96,3,1,H,2,1,,0,0,0,0,0,0,0,0,0,0,0,0
2022-02-05,FC St. Pauli,SC Paderborn 07,2,2,D,2,1,,0,0,0,0,0,0,0,0,0,0,0,0
2022-02-05,Werder Bremen,Karlsruher SC,2,1,H,0,0,,0,0,0,0,0,0,0,0,0,0,0,0
2022-02-05,FC Schalke 04,Jahn Regensburg,2,1,H,0,1,,0,0,0,0,0,0,0,0,0,0,0,0
2022-02-05,SV Sandhausen,Erzgebirge AUE,2,0,H,1,0,,0,0,0,0,0,0,0,0,0,0,0,0
2022-02-06,SV Darmstadt 98,Hamburger SV,0,5,A,0,3,,0,0,0,0,0,0,0,0,0,0,0,0
2022-02-06,Dynamo Dresden,Hansa Rostock,1,4,A,0,4,,0,0,0,0,0,0,0,0,0,0,0,0
2022-02-06,Holstein Kiel,Fortuna Dusseldorf,1,0,H,0,0,,0,0,0,0,0,0,0,0,0,0,0,0
2022-02-08,Karlsruher SC,SV Sandhausen,0,2,A,0,1,,0,0,0,0,0,0,0,0,0,0,0,0
2022-02-11,Erzgebirge AUE,Holstein Kiel,2,3,A,0,2,,0,0,0,0,0,0,0,0,0,0,0,0
2022-02-11,Hansa Rostock,Werder Bremen,1,2,A,0,0,,0,0,0,0,0,0,0,0,0,0,0,0
2022-02-12,Jahn Regensburg,FC St. Pauli,2,3,A,0,2,,0,0,0,0,0,0,0,0,0,0,0,0
2022-02-12,Karlsruher SC,FC Nurnberg,4,1,H,1,1,,0,0,0,0,0,0,0,0,0,0,0,0
2022-02-12,SC Paderborn 07,Dynamo Dresden,0,0,D,0,0,,0,0,0,0,0,0,0,0,0,0,0,0
2022-02-12,Hamburger SV,FC Heidenheim,2,0,H,0,0,,0,0,0,0,0,0,0,0,0,0,0,0
2022-02-13,Fortuna Dusseldorf,FC Schalke 04,2,1,H,0,1,,0,0,0,0,0,0,0,0,0,0,0,0
2022-02-13,Hannover 96,SV Darmstadt 98,2,2,D,1,1,,0,0,0,0,0,0,0,0,0,0,0,0
2022-02-13,FC Ingolstadt 04,SV Sandhausen,0,0,D,0,0,,0,0,0,0,0,0,0,0,0,0,0,0
2022-02-18,FC Schalke 04,SC Paderborn 07,2,0,H,1,0,,0,0,0,0,0,0,0,0,0,0,0,0
2022-02-18,Dynamo Dresden,FC Heidenheim,1,1,D,0,0,,0,0,0,0,0,0,0,0,0,0,0,0
2022-02-19,Werder Bremen,FC Ingolstadt 04,1,1,D,0,0,,0,0,0,0,0,0,0,0,0,0,0,0
2022-02-19,SV Sandhausen,Hamburger SV,1,1,D,1,0,,0,0,0,0,0,0,0,0,0,0,0,0
2022-02-19,Holstein Kiel,Karlsruher SC,0,2,A,0,1,,0,0,0,0,0,0,0,0,0,0,0,0
2022-02-19,FC Nurnberg,Jahn Regensburg,2,0,H,1,0,,0,0,0,0,0,0,0,0,0,0,0,0
2022-02-20,Fortuna Dusseldorf,Erzgebirge AUE,3,1,H,1,0,,0,0,0,0,0,0,0,0,0,0,0,0
2022-02-20,SV Darmstadt 98,Hansa Rostock,1,1,D,1,0,,0,0,0,0,0,0,0,0,0,0,0,0
2022-02-20,FC St. Pauli,Hannover 96,0,3,A,0,1,,0,0,0,0,0,0,0,0,0,0,0,0
2022-02-25,Hannover 96,Holstein Kiel,2,0,H,0,0,,0,0,0,0,0,0,0,0,0,0,0,0
2022-02-25,SC Paderborn 07,Erzgebirge AUE,3,3,D,1,0,,0,0,0,0,0,0,0,0,0,0,0,0
2022-02-26,Hansa Rostock,FC Nurnberg,0,2,A,0,1,,0,0,0,0,0,0,0,0,0,0,0,0
2022-02-26,Dynamo Dresden,SV Darmstadt 98,0,1,A,0,0,,0,0,0,0,0,0,0,0,0,0,0,0
2022-02-26,FC Ingolstadt 04,FC St. Pauli,1,3,A,1,2,,0,0,0,0,0,0,0,0,0,0,0,0
2022-02-26,Karlsruher SC,FC Schalke 04,1,1,D,1,1,,0,0,0,0,0,0,0,0,0,0,0,0
2022-02-27,Hamburger SV,Werder Bremen,2,3,A,0,1,,0,0,0,0,0,0,0,0,0,0,0,0
2022-02-27,Jahn Regensburg,Fortuna Dusseldorf,0,0,D,0,0,,0,0,0,0,0,0,0,0,0,0,0,0
2022-02-27,FC Heidenheim,SV Sandhausen,1,1,D,1,1,,0,0,0,0,0,0,0,0,0,0,0,0
2022-03-04,SV Darmstadt 98,FC Heidenheim,3,2,H,0,1,,0,0,0,0,0,0,0,0,0,0,0,0
2022-03-04,Holstein Kiel,SC Paderborn 07,3,4,A,1,1,,0,0,0,0,0,0,0,0,0,0,0,0
2022-03-05,FC Nurnberg,Hamburger SV,2,1,H,1,1,,0,0,0,0,0,0,0,0,0,0,0,0
2022-03-05,SV Sandhausen,Hannover 96,3,1,H,2,1,,0,0,0,0,0,0,0,0,0,0,0,0
2022-03-05,FC Schalke 04,Hansa Rostock,3,4,A,2,2,,0,0,0,0,0,0,0,0,0,0,0,0
2022-03-05,FC St. Pauli,Karlsruher SC,3,1,H,3,0,,0,0,0,0,0,0,0,0,0,0,0,0
2022-03-06,Fortuna Dusseldorf,FC Ingolstadt 04,3,0,H,2,0,,0,0,0,0,0,0,0,0,0,0,0,0
2022-03-06,Werder Bremen,Dynamo Dresden,2,1,H,2,1,,0,0,0,0,0,0,0,0,0,0,0,0
2022-03-06,Erzgebirge AUE,Jahn Regensburg,1,0,H,1,0,,0,0,0,0,0,0,0,0,0,0,0,0
2022-03-11,SV Darmstadt 98,SV Sandhausen,1,1,D,1,0,,0,0,0,0,0,0,0,0,0,0,0,0
2022-03-11,Hansa Rostock,Holstein Kiel,3,2,H,1,0,,0,0,0,0,0,0,0,0,0,0,0,0
2022-03-12,FC Heidenheim,Werder Bremen,2,1,H,1,0,,0,0,0,0,0,0,0,0,0,0,0,0
2022-03-12,Dynamo Dresden,FC St. Pauli,1,1,D,1,1,,0,0,0,0,0,0,0,0,0,0,0,0
2022-03-12,SC Paderborn 07,Fortuna Dusseldorf,1,1,D,0,1,,0,0,0,0,0,0,0,0,0,0,0,0
2022-03-13,Karlsruher SC,Jahn Regensburg,1,1,D,0,1,,0,0,0,0,0,0,0,0,0,0,0,0
2022-03-13,FC Ingolstadt 04,FC Schalke 04,0,3,A,0,0,,0,0,0,0,0,0,0,0,0,0,0,0
2022-03-13,Hannover 96,FC Nurnberg,0,3,A,0,1,,0,0,0,0,0,0,0,0,0,0,0,0
2022-03-18,FC St. Pauli,FC Heidenheim,1,0,H,0,0,,0,0,0,0,0,0,0,0,0,0,0,0
2022-03-18,Erzgebirge AUE,Karlsruher SC,0,3,A,0,0,,0,0,0,0,0,0,0,0,0,0,0,0
2022-03-19,Fortuna Dusseldorf,Hamburger SV,1,1,D,0,0,,0,0,0,0,0,0,0,0,0,0,0,0
2022-03-19,FC Schalke 04,Hannover 96,2,1,H,1,0,,0,0,0,0,0,0,0,0,0,0,0,0
2022-03-19,SV Sandhausen,Hansa Rostock,0,1,A,0,0,,0,0,0,0,0,0,0,0,0,0,0,0
2022-03-19,Werder Bremen,SV Darmstadt 98,1,0,H,0,0,,0,0,0,0,0,0,0,0,0,0,0,0
2022-03-20,Holstein Kiel,FC Ingolstadt 04,1,0,H,1,0,,0,0,0,0,0,0,0,0,0,0,0,0
2022-03-20,Jahn Regensburg,SC Paderborn 07,1,0,H,0,0,,0,0,0,0,0,0,0,0,0,0,0,0
2022-03-20,FC Nurnberg,Dynamo Dresden,1,1,D,1,1,,0,0,0,0,0,0,0,0,0,0,0,0
2022-04-01,Dynamo Dresden,FC Schalke 04,1,2,A,0,1,,0,0,0,0,0,0,0,0,0,0,0,0
2022-04-01,FC Ingolstadt 04,Erzgebirge AUE,3,2,H,2,0,,0,0,0,0,0,0,0,0,0,0,0,0
2022-04-02,Hannover 96,Jahn Regensburg,1,1,D,1,1,,0,0,0,0,0,0,0,0,0,0,0,0
2022-04-02,Hamburger SV,SC Paderborn 07,1,2,A,0,1,,0,0,0,0,0,0,0,0,0,0,0,0
2022-04-02,SV Darmstadt 98,Holstein Kiel,3,1,H,2,0,,0,0,0,0,0,0,0,0,0,0,0,0
2022-04-02,Hansa Rostock,FC St. Pauli,1,0,H,0,0,,0,0,0,0,0,0,0,0,0,0,0,0
2022-04-03,Karlsruher SC,Fortuna Dusseldorf,2,2,D,0,2,,0,0,0,0,0,0,0,0,0,0,0,0
2022-04-03,FC Heidenheim,FC Nurnberg,3,1,H,2,0,,0,0,0,0,0,0,0,0,0,0,0,0
2022-04-03,Werder Bremen,SV Sandhausen,1,1,D,0,0,,0,0,0,0,0,0,0,0,0,0,0,0
2022-04-05,Hamburger SV,Erzgebirge AUE,4,0,H,2,0,,0,0,0,0,0,0,0,0,0,0,0,0
2022-04-08,Fortuna Dusseldorf,Hansa Rostock,3,0,H,1,0,,0,0,0,0,0,0,0,0,0,0,0,0
2022-04-08,Jahn Regensburg,FC Ingolstadt 04,1,1,D,0,1,,0,0,0,0,0,0,0,0,0,0,0,0
2022-04-09,FC Schalke 04,FC Heidenheim,3,0,H,1,0,,0,0,0,0,0,0,0,0,0,0,0,0
2022-04-09,FC St. Pauli,Werder Bremen,1,1,D,1,0,,0,0,0,0,0,0,0,0,0,0,0,0
2022-04-09,Erzgebirge AUE,Hannover 96,1,3,A,0,2,,0,0,0,0,0,0,0,0,0,0,0,0
2022-04-09,FC Nurnberg,SV Darmstadt 98,3,1,H,1,0,,0,0,0,0,0,0,0,0,0,0,0,0
2022-04-10,Holstein Kiel,Hamburger SV,1,0,H,1,0,,0,0,0,0,0,0,0,0,0,0,0,0
2022-04-10,SC Paderborn 07,Karlsruher SC,2,2,D,1,1,,0,0,0,0,0,0,0,0,0,0,0,0
2022-04-10,SV Sandhausen,Dynamo Dresden,2,1,H,1,0,,0,0,0,0,0,0,0,0,0,0,0,0
2022-04-16,Hannover 96,Fortuna Dusseldorf,0,0,D,0,0,,0,0,0,0,0,0,0,0,0,0,0,0
2022-04-16,Dynamo Dresden,Holstein Kiel,0,0,D,0,0,,0,0,0,0,0,0,0,0,0,0,0,0
2022-04-16,SV Sandhausen,FC St. Pauli,1,1,D,0,1,,0,0,0,0,0,0,0,0,0,0,0,0
2022-04-16,Hamburger SV,Karlsruher SC,3,0,H,2,0,,0,0,0,0,0,0,0,0,0,0,0,0
2022-04-17,FC Ingolstadt 04,SC Paderborn 07,0,1,A,0,0,,0,0,0,0,0,0,0,0,0,0,0,0
2022-04-17,SV Darmstadt 98,FC Schalke 04,2,5,A,2,3,,0,0,0,0,0,0,0,0,0,0,0,0
2022-04-17,Hansa Rostock,Jahn Regensburg,1,1,D,1,0,,0,0,0,0,0,0,0,0,0,0,0,0
2022-04-17,Werder Bremen,FC Nurnberg,1,1,D,0,1,,0,0,0,0,0,0,0,0,0,0,0,0
2022-04-17,FC Heidenheim,Erzgebirge AUE,0,2,A,0,0,,0,0,0,0,0,0,0,0,0,0,0,0
2022-04-22,Fortuna Dusseldorf,Dynamo Dresden,2,2,D,2,0,,0,0,0,0,0,0,0,0,0,0,0,0
2022-04-22,Karlsruher SC,FC Ingolstadt 04,2,2,D,0,1,,0,0,0,0,0,0,0,0,0,0,0,0
2022-04-23,FC Schalke 04,Werder Bremen,1,4,A,0,2,,0,0,0,0,0,0,0,0,0,0,0,0
2022-04-23,Jahn Regensburg,Hamburger SV,2,4,A,0,1,,0,0,0,0,0,0,0,0,0,0,0,0
2022-04-23,Holstein Kiel,FC Heidenheim,1,1,D,0,0,,0,0,0,0,0,0,0,0,0,0,0,0
2022-04-23,FC St. Pauli,SV Darmstadt 98,1,2,A,0,2,,0,0,0,0,0,0,0,0,0,0,0,0
2022-04-24,Erzgebirge AUE,Hansa Rostock,2,2,D,2,1,,0,0,0,0,0,0,0,0,0,0,0,0
2022-04-24,FC Nurnberg,SV Sandhausen,2,4,A,1,1,,0,0,0,0,0,0,0,0,0,0,0,0
2022-04-24,SC Paderborn 07,Hannover 96,3,0,H,2,0,,0,0,0,0,0,0,0,0,0,0,0,0
2022-04-29,SV Sandhausen,FC Schalke 04,1,2,A,0,0,,0,0,0,0,0,0,0,0,0,0,0,0
2022-04-29,Werder Bremen,Holstein Kiel,2,3,A,2,1,,0,0,0,0,0,0,0,0,0,0,0,0
2022-04-29,Hannover 96,Karlsruher SC,2,0,H,1,0,,0,0,0,0,0,0,0,0,0,0,0,0
2022-04-29,FC Heidenheim,Fortuna Dusseldorf,1,3,A,0,2,,0,0,0,0,0,0,0,0,0,0,0,0
2022-04-29,FC St. Pauli,FC Nurnberg,1,1,D,0,0,,0,0,0,0,0,0,0,0,0,0,0,0
2022-04-30,Hansa Rostock,SC Paderborn 07,0,0,D,0,0,,0,0,0,0,0,0,0,0,0,0,0,0
2022-04-30,SV Darmstadt 98,Erzgebirge AUE,6,0,H,4,0,,0,0,0,0,0,0,0,0,0,0,0,0
2022-04-30,Dynamo Dresden,Jahn Regensburg,1,1,D,0,0,,0,0,0,0,0,0,0,0,0,0,0,0
2022-04-30,FC Ingolstadt 04,Hamburger SV,0,4,A,0,2,,0,0,0,0,0,0,0,0,0,0,0,0
2022-05-06,Fortuna Dusseldorf,SV Darmstadt 98,2,1,H,2,0,,0,0,0,0,0,0,0,0,0,0,0,0
2022-05-06,SC Paderborn 07,SV Sandhausen,2,0,H,1,0,,0,0,0,0,0,0,0,0,0,0,0,0
2022-05-07,Hamburger SV,Hannover 96,2,1,H,2,1,,0,0,0,0,0,0,0,0,0,0,0,0
2022-05-07,Jahn Regensburg,FC Heidenheim,0,2,A,0,0,,0,0,0,0,0,0,0,0,0,0,0,0
2022-05-07,FC Ingolstadt 04,Hansa Rostock,0,0,D,0,0,,0,0,0,0,0,0,0,0,0,0,0,0
2022-05-07,FC Schalke 04,FC St. Pauli,3,2,H,0,2,,0,0,0,0,0,0,0,0,0,0,0,0
2022-05-08,Holstein Kiel,FC Nurnberg,3,0,H,2,0,,0,0,0,0,0,0,0,0,0,0,0,0
2022-05-08,Karlsruher SC,Dynamo Dresden,2,2,D,0,1,,0,0,0,0,0,0,0,0,0,0,0,0
2022-05-08,Erzgebirge AUE,Werder Bremen,0,3,A,0,0,,0,0,0,0,0,0,0,0,0,0,0,0
2022-05-15,Werder Bremen,Jahn Regensburg,2,0,H,1,0,,0,0,0,0,0,0,0,0,0,0,0,0
2022-05-15,Hannover 96,FC Ingolstadt 04,3,2,H,1,1,,0,0,0,0,0,0,0,0,0,0,0,0
2022-05-15,FC Nurnberg,FC Schalke 04,1,2,A,0,1,,0,0,0,0,0,0,0,0,0,0,0,0
2022-05-15,FC Heidenheim,Karlsruher SC,2,0,H,2,0,,0,0,0,0,0,0,0,0,0,0,0,0
2022-05-15,SV Darmstadt 98,SC Paderborn 07,3,0,H,3,0,,0,0,0,0,0,0,0,0,0,0,0,0
2022-05-15,Dynamo Dresden,Erzgebirge AUE,0,1,A,0,0,,0,0,0,0,0,0,0,0,0,0,0,0
2022-05-15,FC St. Pauli,Fortuna Dusseldorf,2,0,H,0,0,,0,0,0,0,0,0,0,0,0,0,0,0
2022-05-15,SV Sandhausen,Holstein Kiel,3,1,H,3,0,,0,0,0,0,0,0,0,0,0,0,0,0
2022-05-15,Hansa Rostock,Hamburger SV,2,3,A,1,0,,0,0,0,0,0,0,0,0,0,0,0,0
2022-05-20,FC Kaiserslautern,Dynamo Dresden,0,0,D,0,0,,0,0,0,0,0,0,0,0,0,0,0,0
2022-05-24,Dynamo Dresden,FC Kaiserslautern,0,2,A,0,0,,0,0,0,0,0,0,0,0,0,0,0,0
